id_candidato,id_fuente,tipo_fuente,dist_m
J2E_0000,J3_0914,J3,49.36
J2E_0000,J3_0393,J3,53.94
J2E_0001,J3_0481,J3,35.58
J2E_0001,F_019,F,51.93
J2E_0001,J3_0479,J3,51.93
J2E_0002,J3_1085,J3,89.62
J2E_0002,J3_1033,J3,98.65
J2E_0002,J3_0982,J3,114.33
J2E_0003,F_032,F,38.22
J2E_0003,J3_1127,J3,116.99
J2E_0007,F_036,F,19.45
J2E_0007,J3_0265,J3,129.33
J2E_0008,J3_0995,J3,91.9
J2E_0011,J3_0707,J3,113.47
J2E_0013,J3_1070,J3,58.27
J2E_0013,J3_1340,J3,143.97
J2E_0016,J3_0870,J3,121.84
J2E_0017,J3_1015,J3,25.82
J2E_0017,J3_1013,J3,97.34
J2E_0018,J3_0508,J3,0.0
J2E_0018,J3_0097,J3,125.15
J2E_0020,J3_0520,J3,145.93
J2E_0021,J3_1201,J3,72.42
J2E_0022,J3_0392,J3,134.54
J2E_0023,J3_1424,J3,7.71
J2E_0023,J3_0613,J3,60.6
J2E_0023,J3_0335,J3,103.01
J2E_0024,J3_1421,J3,62.35
J2E_0024,J3_0349,J3,114.57
J2E_0024,J3_0177,J3,137.6
J2E_0026,J3_0197,J3,0.0
J2E_0026,J3_1243,J3,88.56
J2E_0030,J3_0683,J3,65.76
J2E_0030,J3_0377,J3,80.08
J2E_0030,J3_0180,J3,109.16
J2E_0031,J3_0426,J3,115.14
J2E_0032,J3_0421,J3,73.21
J2E_0032,J3_0463,J3,115.74
J2E_0034,J3_0903,J3,14.19
J2E_0034,J3_0178,J3,74.22
J2E_0034,J3_0774,J3,118.06
J2E_0034,J3_1163,J3,131.22
J2E_0036,J3_1276,J3,26.05
J2E_0037,J3_0680,J3,127.62
J2E_0037,J3_0225,J3,133.34
J2E_0038,J3_0425,J3,125.91
J2E_0038,F_056,F,137.93
J2E_0038,J3_1279,J3,137.93
J2E_0040,J3_1422,J3,40.64
J2E_0043,F_032,F,124.52
J2E_0044,F_032,F,71.28
J2E_0045,J3_1127,J3,29.75
J2E_0045,F_032,F,118.62
J2E_0047,J3_0470,J3,12.09
J2E_0047,J3_0548,J3,143.31
J2E_0048,J3_0502,J3,95.23
J2E_0049,J3_0172,J3,0.0
J2E_0049,J3_1113,J3,33.55
J2E_0049,J3_0482,J3,66.55
J2E_0049,F_033,F,102.65
J2E_0050,J3_0498,J3,58.96
J2E_0051,J3_0785,J3,23.01
J2E_0052,J3_1127,J3,87.58
J2E_0054,J3_0979,J3,39.42
J2E_0054,J3_0249,J3,69.34
J2E_0054,J3_0125,J3,105.99
J2E_0054,J3_0496,J3,105.99
J2E_0054,J3_0124,J3,139.62
J2E_0056,J3_0078,J3,23.82
J2E_0057,J3_0780,J3,77.5
J2E_0058,J3_1689,J3,122.11
J2E_0060,J3_0760,J3,82.86
J2E_0062,J3_0391,J3,135.17
J2E_0062,J3_1203,J3,147.4
J2E_0063,F_050,F,35.3
J2E_0063,J3_0463,J3,141.67
J2E_0065,J3_0555,J3,55.97
J2E_0066,J3_0562,J3,23.96
J2E_0066,J3_0433,J3,127.65
J2E_0067,J3_0127,J3,113.54
J2E_0069,J3_0996,J3,124.23
J2E_0072,J3_0819,J3,147.28
J2E_0073,J3_0652,J3,98.94
J2E_0073,J3_1366,J3,140.32
J2E_0078,J3_0460,J3,134.27
J2E_0078,J3_0834,J3,144.71
J2E_0079,J3_1418,J3,139.78
J2E_0083,J3_0779,J3,107.23
J2E_0083,J3_1683,J3,148.25
J2E_0084,F_046,F,0.0
J2E_0085,F_031,F,48.07
J2E_0085,J3_1108,J3,85.89
J2E_0086,J3_0057,J3,130.48
J2E_0088,J3_0068,J3,118.63
J2E_0088,J3_1298,J3,123.4
J2E_0089,J3_0511,J3,88.99
J2E_0089,J3_0785,J3,121.92
J2E_0090,J3_0179,J3,139.57
J2E_0092,J3_0124,J3,32.75
J2E_0092,J3_0125,J3,99.27
J2E_0092,J3_0496,J3,99.27
J2E_0092,J3_0979,J3,129.99
J2E_0092,J3_0495,J3,130.97
J2E_0092,J3_0123,J3,140.13
J2E_0092,J3_0249,J3,146.65
J2E_0095,J3_0995,J3,116.2
J2E_0096,J3_1102,J3,77.64
J2E_0097,J3_0995,J3,120.94
J2E_0099,J3_1102,J3,144.36
J2E_0107,J3_1126,J3,120.86
J2E_0108,J3_0398,J3,146.3
J2E_0109,J3_1248,J3,131.26
J2E_0109,J3_0632,J3,136.34
J2E_0110,J3_0440,J3,90.18
J2E_0110,J3_1268,J3,130.23
J2E_0115,J3_1299,J3,92.8
J2E_0119,J3_0421,J3,117.95
J2E_0120,J3_0574,J3,0.0
J2E_0124,J3_0448,J3,42.67
J2E_0124,J3_0138,J3,129.75
J2E_0125,J3_1064,J3,98.38
J2E_0125,J3_0306,J3,113.96
J2E_0126,F_022,F,14.59
J2E_0127,J3_1401,J3,47.66
J2E_0128,J3_0853,J3,76.17
J2E_0131,J3_1014,J3,65.07
J2E_0131,J3_1072,J3,74.94
J2E_0131,J3_1013,J3,104.38
J2E_0133,J3_0902,J3,115.25
J2E_0134,J3_0904,J3,93.0
J2E_0134,J3_1207,J3,98.8
J2E_0135,J3_0904,J3,125.44
J2E_0136,J3_0394,J3,120.35
J2E_0137,J3_1100,J3,108.92
J2E_0138,J3_1472,J3,141.74
J2E_0139,J3_1472,J3,108.17
J2E_0140,J3_0352,J3,113.92
J2E_0140,J3_1070,J3,144.13
J2E_0142,J3_1170,J3,64.66
J2E_0143,J3_1170,J3,78.47
J2E_0144,F_032,F,133.69
J2E_0145,F_073,F,0.0
J2E_0145,J3_1326,J3,19.0
J2E_0146,J3_0428,J3,32.06
J2E_0147,J3_1132,J3,16.74
J2E_0147,J3_0900,J3,147.29
J2E_0148,J3_0219,J3,0.0
J2E_0148,J3_0601,J3,139.78
J2E_0148,J3_0900,J3,139.98
J2E_0149,J3_0428,J3,122.8
J2E_0150,J3_0012,J3,108.73
J2E_0152,J3_0901,J3,77.2
J2E_0152,J3_1132,J3,118.28
J2E_0153,J3_0900,J3,16.35
J2E_0153,J3_1132,J3,114.2
J2E_0156,J3_0548,J3,120.15
J2E_0156,J3_1084,J3,135.89
J2E_0158,J3_0887,J3,105.91
J2E_0158,J3_0817,J3,143.37
J2E_0159,J3_0421,J3,84.5
J2E_0160,J3_1410,J3,96.49
J2E_0161,J3_1365,J3,63.43
J2E_0161,J3_0819,J3,137.74
J2E_0162,J3_1097,J3,46.05
J2E_0162,J3_0266,J3,86.1
J2E_0164,J3_0373,J3,79.33
J2E_0165,J3_0462,J3,0.0
J2E_0165,J3_0280,J3,115.19
J2E_0168,J3_0984,J3,41.87
J2E_0170,J3_0104,J3,104.44
J2E_0171,J3_0417,J3,64.77
J2E_0173,J3_0101,J3,100.13
J2E_0174,J3_1102,J3,36.36
J2E_0174,J3_0470,J3,137.19
J2E_0176,F_029,F,99.49
J2E_0177,F_043,F,32.73
J2E_0178,J3_0515,J3,61.06
J2E_0178,J3_0415,J3,144.93
J2E_0179,J3_0233,J3,33.91
J2E_0179,J3_0838,J3,56.76
J2E_0179,J3_0695,J3,116.51
J2E_0180,J3_0759,J3,144.38
J2E_0182,F_033,F,41.25
J2E_0182,J3_0172,J3,95.71
J2E_0182,J3_1113,J3,121.48
J2E_0183,J3_0498,J3,136.82
J2E_0184,F_072,F,84.01
J2E_0184,J3_0103,J3,95.03
J2E_0184,J3_0737,J3,124.86
J2E_0189,J3_0995,J3,77.68
J2E_0189,F_031,F,117.17
J2E_0190,J3_0311,J3,140.5
J2E_0193,J3_0355,J3,9.71
J2E_0195,J3_1577,J3,80.82
J2E_0198,J3_1303,J3,70.96
J2E_0199,J3_0257,J3,26.57
J2E_0199,J3_1021,J3,30.11
J2E_0199,J3_0062,J3,68.48
J2E_0199,J3_0031,J3,75.18
J2E_0199,J3_1094,J3,96.14
J2E_0199,J3_0776,J3,141.24
J2E_0200,J3_0197,J3,37.71
J2E_0200,J3_1243,J3,126.27
J2E_0201,J3_0197,J3,26.47
J2E_0201,J3_1243,J3,115.03
J2E_0203,F_023,F,22.41
J2E_0203,J3_0679,J3,109.22
J2E_0205,J3_0135,J3,139.6
J2E_0206,J3_0498,J3,0.0
J2E_0207,J3_1100,J3,117.98
J2E_0208,J3_0193,J3,67.8
J2E_0210,J3_1100,J3,141.71
J2E_0218,J3_0179,J3,74.23
J2E_0219,J3_0784,J3,30.58
J2E_0220,J3_0172,J3,127.93
J2E_0220,J3_1113,J3,142.04
J2E_0220,F_033,F,144.56
J2E_0221,J3_1109,J3,127.8
J2E_0223,J3_0439,J3,122.24
J2E_0224,J3_0474,J3,34.64
J2E_0224,J3_1038,J3,55.83
J2E_0224,J3_1039,J3,86.03
J2E_0224,J3_0501,J3,93.35
J2E_0224,J3_1077,J3,109.77
J2E_0225,J3_1249,J3,98.69
J2E_0225,J3_0991,J3,122.07
J2E_0227,J3_0869,J3,78.5
J2E_0229,J3_0398,J3,112.74
J2E_0230,F_032,F,149.34
J2E_0231,F_033,F,118.26
J2E_0234,J3_0044,J3,44.64
J2E_0234,J3_0913,J3,71.77
J2E_0235,J3_0784,J3,149.88
J2E_0236,J3_0197,J3,41.46
J2E_0236,J3_1243,J3,130.02
J2E_0237,J3_1005,J3,7.07
J2E_0237,J3_1369,J3,111.77
J2E_0239,J3_1373,J3,47.87
J2E_0239,J3_0288,J3,140.78
J2E_0239,J3_0422,J3,140.78
J2E_0244,J3_1221,J3,120.03
J2E_0244,J3_0645,J3,148.09
J2E_0247,J3_1689,J3,0.0
J2E_0249,J3_1210,J3,121.29
J2E_0251,J3_0132,J3,86.77
J2E_0252,J3_1287,J3,13.25
J2E_0253,J3_1287,J3,121.09
J2E_0255,J3_0393,J3,121.75
J2E_0256,J3_0334,J3,64.0
J2E_0257,J3_0762,J3,98.26
J2E_0259,J3_0323,J3,129.51
J2E_0259,J3_0536,J3,138.11
J2E_0260,J3_0872,J3,49.97
J2E_0263,J3_0168,J3,76.49
J2E_0263,J3_1125,J3,131.15
J2E_0264,J3_0419,J3,119.86
J2E_0266,J3_0268,J3,126.54
J2E_0267,J3_0891,J3,50.28
J2E_0267,J3_1003,J3,70.4
J2E_0267,J3_1002,J3,112.32
J2E_0268,J3_1001,J3,0.0
J2E_0268,J3_0268,J3,59.42
J2E_0268,J3_0863,J3,116.19
J2E_0268,J3_1003,J3,133.41
J2E_0269,J3_1001,J3,56.89
J2E_0269,J3_1003,J3,76.51
J2E_0269,J3_1002,J3,95.6
J2E_0269,J3_0891,J3,96.63
J2E_0269,J3_0268,J3,116.32
J2E_0269,J3_1030,J3,136.29
J2E_0270,J3_0891,J3,50.28
J2E_0270,J3_1003,J3,70.4
J2E_0270,J3_1002,J3,112.32
J2E_0275,J3_0574,J3,109.35
J2E_0275,J3_0661,J3,145.28
J2E_0276,J3_0888,J3,61.41
J2E_0276,F_059,F,68.99
J2E_0276,J3_0353,J3,97.25
J2E_0276,J3_1346,J3,140.89
J2E_0277,J3_0886,J3,140.08
J2E_0279,J3_0779,J3,52.96
J2E_0280,J3_0688,J3,114.17
J2E_0281,J3_0517,J3,122.31
J2E_0281,J3_0876,J3,126.07
J2E_0282,J3_1153,J3,26.69
J2E_0282,J3_0305,J3,44.13
J2E_0282,J3_0764,J3,54.85
J2E_0282,J3_0344,J3,78.13
J2E_0282,J3_0342,J3,105.57
J2E_0282,J3_0690,J3,112.6
J2E_0282,J3_0403,J3,136.01
J2E_0282,J3_0947,J3,147.28
J2E_0283,J3_0337,J3,100.03
J2E_0283,J3_0336,J3,112.42
J2E_0284,J3_0834,J3,128.12
J2E_0284,J3_1418,J3,146.08
J2E_0285,J3_0881,J3,59.68
J2E_0286,J3_0890,J3,59.39
J2E_0286,J3_0874,J3,121.34
J2E_0286,J3_1066,J3,133.72
J2E_0286,J3_0517,J3,136.31
J2E_0287,J3_0881,J3,113.97
J2E_0287,J3_0513,J3,133.15
J2E_0290,J3_1024,J3,140.58
J2E_0291,F_065,F,140.99
J2E_0291,J3_1027,J3,143.36
J2E_0292,J3_0056,J3,29.81
J2E_0293,J3_0702,J3,98.83
J2E_0293,F_007,F,146.96
J2E_0294,J3_0182,J3,138.49
J2E_0295,J3_0570,J3,104.02
J2E_0297,J3_0965,J3,135.13
J2E_0299,J3_0192,J3,145.3
J2E_0299,J3_0908,J3,146.52
J2E_0300,J3_0371,J3,108.85
J2E_0300,J3_0769,J3,113.69
J2E_0306,J3_1126,J3,18.44
J2E_0309,J3_1200,J3,24.16
J2E_0313,J3_0321,J3,78.2
J2E_0315,J3_1126,J3,95.29
J2E_0317,J3_0658,J3,13.65
J2E_0317,J3_1289,J3,13.65
J2E_0317,J3_0616,J3,91.27
J2E_0317,J3_0408,J3,110.57
J2E_0321,F_032,F,63.61
J2E_0321,J3_1127,J3,84.76
J2E_0323,J3_1127,J3,139.12
J2E_0325,F_032,F,86.9
J2E_0325,J3_1127,J3,98.68
J2E_0326,J3_1344,J3,0.0
J2E_0327,J3_0052,J3,103.86
J2E_0328,J3_0052,J3,112.59
J2E_0329,F_033,F,148.19
J2E_0330,J3_0863,J3,130.03
J2E_0332,J3_0470,J3,68.26
J2E_0333,J3_0193,J3,102.32
J2E_0334,F_033,F,68.02
J2E_0336,J3_0391,J3,8.39
J2E_0336,J3_1203,J3,48.85
J2E_0337,J3_1298,J3,136.58
J2E_0338,J3_0198,J3,148.85
J2E_0339,J3_1102,J3,47.45
J2E_0340,J3_0476,J3,101.87
J2E_0340,J3_0125,J3,128.01
J2E_0340,J3_0496,J3,128.01
J2E_0341,J3_0125,J3,92.6
J2E_0341,J3_0496,J3,92.6
J2E_0341,J3_0124,J3,102.25
J2E_0343,J3_0172,J3,87.33
J2E_0343,F_033,F,97.34
J2E_0343,J3_1113,J3,120.88
J2E_0345,J3_0151,J3,131.43
J2E_0347,J3_1082,J3,60.57
J2E_0347,J3_0980,J3,125.05
J2E_0349,J3_0640,J3,54.28
J2E_0349,J3_1195,J3,100.99
J2E_0349,J3_0807,J3,145.87
J2E_0350,J3_0536,J3,76.29
J2E_0350,J3_1141,J3,136.22
J2E_0352,J3_1200,J3,122.32
J2E_0353,J3_1202,J3,57.76
J2E_0354,J3_0682,J3,107.82
J2E_0354,F_053,F,114.42
J2E_0354,J3_0224,J3,136.59
J2E_0355,J3_0101,J3,98.78
J2E_0356,J3_1247,J3,98.85
J2E_0357,J3_1277,J3,120.89
J2E_0358,J3_0894,J3,61.71
J2E_0359,J3_0614,J3,32.19
J2E_0359,J3_1164,J3,126.38
J2E_0362,J3_0549,J3,138.9
J2E_0363,J3_1210,J3,132.06
J2E_0364,J3_0785,J3,124.08
J2E_0365,J3_0201,J3,87.75
J2E_0366,J3_0689,J3,110.11
J2E_0366,J3_1026,J3,135.94
J2E_0366,J3_1273,J3,143.52
J2E_0367,J3_0172,J3,146.52
J2E_0368,J3_0167,J3,32.44
J2E_0368,J3_0728,J3,32.44
J2E_0368,J3_1271,J3,82.39
J2E_0369,J3_0236,J3,141.98
J2E_0370,J3_0181,J3,123.34
J2E_0370,J3_0845,J3,123.88
J2E_0372,J3_0383,J3,42.38
J2E_0372,J3_1071,J3,130.68
J2E_0372,J3_1122,J3,141.77
J2E_0375,J3_1102,J3,45.93
J2E_0375,J3_0470,J3,146.76
J2E_0376,J3_0033,J3,100.62
J2E_0377,J3_1332,J3,93.21
J2E_0377,J3_0141,J3,134.41
J2E_0378,J3_0145,J3,62.11
J2E_0378,J3_0443,J3,76.88
J2E_0378,J3_0090,J3,148.43
J2E_0379,J3_0065,J3,15.49
J2E_0379,F_071,F,107.57
J2E_0382,J3_0922,J3,143.01
J2E_0384,J3_1343,J3,42.22
J2E_0387,J3_1199,J3,60.89
J2E_0387,F_015,F,116.42
J2E_0388,F_015,F,94.49
J2E_0388,J3_1199,J3,145.34
J2E_0389,J3_0173,J3,75.03
J2E_0389,J3_0694,J3,104.98
J2E_0389,J3_1342,J3,127.34
J2E_0390,J3_0711,J3,15.5
J2E_0392,J3_0117,J3,128.6
J2E_0393,J3_0421,J3,22.81
J2E_0393,J3_0463,J3,114.32
J2E_0393,J3_0375,J3,146.97
J2E_0394,J3_0617,J3,121.69
J2E_0395,J3_1347,J3,71.38
J2E_0396,J3_0836,J3,37.38
J2E_0396,J3_1162,J3,37.38
J2E_0396,J3_0386,J3,113.23
J2E_0396,J3_0363,J3,120.66
J2E_0398,J3_0076,J3,111.4
J2E_0400,J3_1260,J3,15.54
J2E_0401,J3_0617,J3,57.95
J2E_0403,J3_0023,J3,83.17
J2E_0403,J3_1364,J3,139.62
J2E_0407,J3_0434,J3,44.65
J2E_0407,J3_0882,J3,44.65
J2E_0408,J3_0434,J3,71.63
J2E_0408,J3_0882,J3,71.63
J2E_0409,J3_0852,J3,41.04
J2E_0409,J3_0819,J3,113.95
J2E_0411,J3_0969,J3,76.12
J2E_0411,F_070,F,105.05
J2E_0411,J3_0471,J3,136.65
J2E_0412,J3_1368,J3,108.44
J2E_0412,J3_0329,J3,145.03
J2E_0414,J3_0678,J3,127.16
J2E_0415,J3_0849,J3,35.47
J2E_0416,F_017,F,62.71
J2E_0416,J3_0288,J3,90.9
J2E_0416,J3_0422,J3,90.9
J2E_0418,J3_0126,J3,104.42
J2E_0419,J3_0357,J3,139.11
J2E_0420,J3_0709,J3,116.46
J2E_0421,J3_1401,J3,0.0
J2E_0422,J3_0182,J3,117.83
J2E_0422,J3_0036,J3,128.36
J2E_0424,J3_1196,J3,111.89
J2E_0426,J3_0035,J3,77.59
J2E_0426,J3_0085,J3,143.26
J2E_0427,J3_1196,J3,86.41
J2E_0428,J3_1251,J3,100.04
J2E_0430,J3_1621,J3,139.16
J2E_0431,J3_0723,J3,88.37
J2E_0432,J3_1168,J3,120.99
J2E_0433,J3_1169,J3,28.86
J2E_0435,J3_1415,J3,51.04
J2E_0435,J3_0527,J3,51.15
J2E_0436,J3_0458,J3,0.0
J2E_0437,J3_0881,J3,57.38
J2E_0438,J3_1418,J3,139.78
J2E_0439,J3_1418,J3,80.41
J2E_0439,J3_0390,J3,148.88
J2E_0440,J3_1420,J3,37.53
J2E_0441,J3_0118,J3,74.5
J2E_0441,J3_0956,J3,133.08
J2E_0442,J3_0074,J3,35.78
J2E_0442,J3_1321,J3,113.23
J2E_0443,J3_0098,J3,35.52
J2E_0443,J3_0971,J3,53.67
J2E_0444,J3_1421,J3,100.79
J2E_0445,J3_0177,J3,129.14
J2E_0449,J3_1300,J3,89.96
J2E_0450,F_053,F,0.0
J2E_0452,J3_1294,J3,0.0
J2E_0453,J3_1300,J3,80.97
J2E_0455,F_011,F,81.42
J2E_0456,J3_1098,J3,105.59
J2E_0456,J3_1069,J3,110.71
J2E_0456,J3_0311,J3,119.62
J2E_0456,J3_0626,J3,122.46
J2E_0456,J3_0843,J3,140.25
J2E_0456,J3_0629,J3,144.83
J2E_0457,J3_0109,J3,67.89
J2E_0457,J3_1099,J3,97.59
J2E_0457,J3_0312,J3,112.39
J2E_0457,J3_0716,J3,112.86
J2E_0457,J3_0858,J3,125.64
J2E_0457,J3_0628,J3,140.2
J2E_0458,J3_0109,J3,30.78
J2E_0458,J3_1099,J3,61.23
J2E_0458,J3_0312,J3,76.03
J2E_0458,J3_0858,J3,89.28
J2E_0458,J3_0716,J3,110.55
J2E_0459,J3_0441,J3,14.57
J2E_0459,J3_0630,J3,70.93
J2E_0459,J3_0313,J3,123.46
J2E_0460,J3_0313,J3,49.33
J2E_0460,J3_0999,J3,123.52
J2E_0461,J3_1097,J3,0.0
J2E_0461,J3_0266,J3,132.15
J2E_0463,F_069,F,34.68
J2E_0465,J3_0628,J3,70.78
J2E_0465,J3_0311,J3,100.27
J2E_0465,J3_1098,J3,141.33
J2E_0466,J3_0109,J3,50.4
J2E_0466,J3_0628,J3,96.14
J2E_0466,J3_1099,J3,141.65
J2E_0467,J3_0842,J3,44.48
J2E_0467,F_025,F,49.47
J2E_0468,J3_1402,J3,57.69
J2E_0469,J3_1622,J3,50.19
J2E_0470,J3_1056,J3,38.49
J2E_0471,J3_1065,J3,14.97
J2E_0471,J3_0354,J3,110.43
J2E_0472,J3_0018,J3,127.49
J2E_0473,J3_0873,J3,112.4
J2E_0477,J3_0960,J3,97.07
J2E_0479,J3_0115,J3,135.79
J2E_0480,J3_0371,J3,108.85
J2E_0480,J3_0769,J3,113.69
J2E_0482,J3_0757,J3,91.81
J2E_0482,J3_0758,J3,91.81
J2E_0483,J3_1488,J3,120.14
J2E_0486,J3_0835,J3,149.36
J2E_0489,J3_0472,J3,121.56
J2E_0489,J3_0158,J3,126.53
J2E_0493,J3_0966,J3,74.51
J2E_0493,J3_0114,J3,148.15
J2E_0494,J3_0966,J3,93.08
J2E_0495,J3_0057,J3,110.54
J2E_0496,J3_1286,J3,149.33
J2E_0498,J3_0540,J3,57.04
J2E_0498,J3_1362,J3,99.07
J2E_0499,J3_0540,J3,83.31
J2E_0499,J3_1362,J3,125.34
J2E_0500,J3_1360,J3,89.9
J2E_0502,J3_0953,J3,69.29
J2E_0502,J3_1417,J3,72.86
J2E_0503,F_032,F,141.74
J2E_0504,J3_0721,J3,98.84
J2E_0506,J3_0442,J3,138.95
J2E_0506,J3_0446,J3,149.69
J2E_0507,J3_0239,J3,96.95
J2E_0507,J3_0004,J3,115.76
J2E_0507,J3_0290,J3,141.85
J2E_0509,J3_0003,J3,0.0
J2E_0509,J3_1046,J3,125.82
J2E_0509,J3_1450,J3,131.66
J2E_0509,J3_0002,J3,141.12
J2E_0510,J3_1363,J3,111.68
J2E_0511,J3_0692,J3,99.51
J2E_0512,J3_0338,J3,103.18
J2E_0512,J3_0457,J3,134.22
J2E_0512,J3_0256,J3,138.14
J2E_0513,J3_0359,J3,41.37
J2E_0513,F_062,F,94.14
J2E_0513,J3_0989,J3,118.03
J2E_0514,J3_0001,J3,57.73
J2E_0514,J3_0571,J3,107.78
J2E_0515,J3_0334,J3,92.54
J2E_0515,J3_1179,J3,127.32
J2E_0515,J3_0639,J3,136.94
J2E_0516,J3_0161,J3,93.16
J2E_0516,J3_0322,J3,105.02
J2E_0516,F_016,F,113.6
J2E_0520,F_033,F,79.25
J2E_0522,J3_0354,J3,75.01
J2E_0522,J3_0127,J3,117.73
J2E_0522,J3_0555,J3,131.51
J2E_0525,J3_0382,J3,60.85
J2E_0525,J3_1184,J3,74.32
J2E_0525,J3_0646,J3,142.13
J2E_0527,J3_0271,J3,5.9
J2E_0528,J3_0271,J3,49.04
J2E_0529,J3_1085,J3,85.61
J2E_0529,J3_1033,J3,94.64
J2E_0529,J3_0982,J3,110.33
J2E_0530,J3_1179,J3,140.79
J2E_0532,J3_0991,J3,73.0
J2E_0532,J3_0008,J3,107.44
J2E_0533,J3_1249,J3,145.41
J2E_0535,J3_1249,J3,86.89
J2E_0538,J3_0033,J3,125.89
J2E_0539,J3_0476,J3,83.68
J2E_0540,J3_1126,J3,95.29
J2E_0543,J3_1109,J3,27.59
J2E_0544,J3_0498,J3,144.3
J2E_0545,J3_0984,J3,89.31
J2E_0546,J3_0398,J3,0.0
J2E_0547,J3_0172,J3,72.11
J2E_0547,J3_1113,J3,86.22
J2E_0547,J3_0482,J3,107.23
J2E_0548,J3_0482,J3,0.0
J2E_0548,J3_1113,J3,33.0
J2E_0548,J3_0172,J3,66.55
J2E_0550,J3_1278,J3,100.43
J2E_0551,J3_0784,J3,148.76
J2E_0553,J3_0359,J3,127.4
J2E_0554,J3_0700,J3,11.46
J2E_0554,J3_0272,J3,49.38
J2E_0554,J3_0618,J3,67.6
J2E_0554,J3_0699,J3,105.2
J2E_0554,J3_0237,J3,130.3
J2E_0555,J3_0949,J3,115.81
J2E_0557,J3_0564,J3,33.79
J2E_0557,J3_1290,J3,72.8
J2E_0557,J3_0871,J3,98.3
J2E_0558,J3_0498,J3,89.31
J2E_0559,F_019,F,105.31
J2E_0559,J3_0479,J3,105.31
J2E_0559,J3_0503,J3,122.89
J2E_0559,J3_0481,J3,127.39
J2E_0561,J3_0910,J3,0.0
J2E_0561,J3_0388,J3,97.37
J2E_0562,J3_0506,J3,110.07
J2E_0562,J3_1084,J3,145.56
J2E_0563,J3_1401,J3,73.9
J2E_0564,F_032,F,149.34
J2E_0565,J3_1127,J3,10.62
J2E_0565,F_032,F,126.33
J2E_0566,J3_0984,J3,71.48
J2E_0567,J3_0192,J3,123.49
J2E_0568,J3_0554,J3,25.27
J2E_0568,J3_1039,J3,113.8
J2E_0568,J3_1038,J3,119.28
J2E_0568,J3_0501,J3,148.8
J2E_0572,J3_0838,J3,105.76
J2E_0573,J3_0034,J3,130.93
J2E_0573,J3_0937,J3,130.93
J2E_0574,J3_0294,J3,115.97
J2E_0575,J3_0075,J3,96.54
J2E_0575,J3_0006,J3,136.03
J2E_0576,J3_0160,J3,69.71
J2E_0576,J3_0969,J3,74.03
J2E_0576,F_070,F,102.78
J2E_0576,J3_0471,J3,134.38
J2E_0577,J3_0244,J3,68.88
J2E_0577,J3_1501,J3,68.88
J2E_0578,J3_0003,J3,143.35
J2E_0580,J3_1068,J3,114.93
J2E_0580,J3_0001,J3,143.82
J2E_0581,J3_1427,J3,40.54
J2E_0582,J3_1427,J3,99.98
J2E_0584,J3_0497,J3,100.32
J2E_0585,J3_0389,J3,123.25
J2E_0585,J3_0102,J3,136.19
J2E_0588,J3_1046,J3,93.32
J2E_0588,J3_0002,J3,108.63
J2E_0589,F_011,F,47.64
J2E_0589,J3_1452,J3,125.65
J2E_0590,J3_1418,J3,129.5
J2E_0591,J3_0947,J3,54.59
J2E_0591,J3_0403,J3,71.34
J2E_0591,J3_0019,J3,85.4
J2E_0591,J3_0344,J3,146.05
J2E_0593,J3_0331,J3,149.75
J2E_0594,J3_1245,J3,0.0
J2E_0595,J3_0943,J3,46.75
J2E_0595,F_002,F,59.05
J2E_0596,J3_1282,J3,75.8
J2E_0598,J3_0895,J3,122.35
J2E_0600,J3_0371,J3,130.5
J2E_0601,J3_1400,J3,101.35
J2E_0601,J3_0812,J3,143.75
J2E_0602,J3_0613,J3,10.54
J2E_0602,J3_0335,J3,31.86
J2E_0602,J3_1424,J3,78.86
J2E_0603,J3_0019,J3,97.51
J2E_0604,J3_0513,J3,109.56
J2E_0604,J3_0514,J3,111.2
J2E_0604,J3_0252,J3,134.86
J2E_0604,J3_0881,J3,137.48
J2E_0606,J3_0881,J3,108.46
J2E_0609,J3_1075,J3,124.28
J2E_0610,J3_0410,J3,95.19
J2E_0611,J3_0493,J3,146.67
J2E_0613,J3_1553,J3,31.17
J2E_0615,J3_0471,J3,56.62
J2E_0615,F_070,F,88.22
J2E_0615,J3_0969,J3,117.15
J2E_0615,J3_1366,J3,127.47
J2E_0615,J3_0652,J3,143.11
J2E_0616,J3_0031,J3,0.0
J2E_0616,J3_0257,J3,48.62
J2E_0616,J3_0630,J3,104.16
J2E_0616,J3_1021,J3,105.29
J2E_0616,J3_0062,J3,143.66
J2E_0617,J3_0068,J3,85.5
J2E_0617,J3_1298,J3,97.02
J2E_0622,J3_1298,J3,47.27
J2E_0622,J3_0068,J3,90.46
J2E_0623,J3_0498,J3,81.76
J2E_0625,J3_1100,J3,117.98
J2E_0626,J3_0115,J3,66.15
J2E_0627,J3_1130,J3,51.86
J2E_0628,J3_1370,J3,0.0
J2E_0628,J3_0707,J3,87.75
J2E_0632,J3_0906,J3,115.02
J2E_0632,J3_0686,J3,146.29
J2E_0635,F_048,F,131.2
J2E_0635,J3_0220,J3,131.2
J2E_0635,J3_0958,J3,136.9
J2E_0636,J3_1148,J3,148.82
J2E_0637,F_048,F,131.2
J2E_0637,J3_0220,J3,131.2
J2E_0637,J3_0958,J3,136.9
J2E_0638,J3_0801,J3,135.53
J2E_0638,F_048,F,143.38
J2E_0638,J3_0220,J3,143.38
J2E_0638,J3_0958,J3,149.09
J2E_0640,J3_0490,J3,22.6
J2E_0640,J3_1585,J3,84.56
J2E_0641,J3_1579,J3,102.13
J2E_0641,F_055,F,146.04
J2E_0645,J3_0463,J3,75.68
J2E_0645,J3_0421,J3,149.96
J2E_0647,J3_0778,J3,68.61
J2E_0648,J3_0136,J3,91.48
J2E_0648,J3_1057,J3,91.48
J2E_0648,J3_1065,J3,122.28
J2E_0648,J3_0763,J3,144.51
J2E_0651,J3_0941,J3,12.49
J2E_0651,J3_1307,J3,16.54
J2E_0651,J3_0512,J3,104.01
J2E_0652,J3_0405,J3,86.32
J2E_0652,J3_1341,J3,124.15
J2E_0653,J3_0030,J3,105.9
J2E_0654,J3_0644,J3,92.91
J2E_0658,J3_0389,J3,106.67
J2E_0660,J3_0196,J3,13.02
J2E_0660,J3_0030,J3,104.23
J2E_0661,J3_0326,J3,0.0
J2E_0663,J3_1402,J3,103.93
J2E_0665,J3_0207,J3,0.0
J2E_0665,J3_0713,J3,117.72
J2E_0666,J3_0667,J3,28.3
J2E_0666,J3_0918,J3,103.61
J2E_0667,J3_1301,J3,105.97
J2E_0670,J3_0919,J3,76.6
J2E_0671,J3_0579,J3,41.22
J2E_0672,J3_0579,J3,135.86
J2E_0674,J3_0919,J3,99.22
J2E_0675,J3_0919,J3,26.63
J2E_0675,J3_0577,J3,120.24
J2E_0682,J3_1337,J3,8.85
J2E_0683,J3_1337,J3,91.4
J2E_0685,J3_0415,J3,63.06
J2E_0686,J3_0755,J3,114.53
J2E_0687,J3_0754,J3,33.63
J2E_0687,J3_0889,J3,90.53
J2E_0687,J3_0590,J3,90.8
J2E_0687,J3_0150,J3,97.01
J2E_0687,J3_1030,J3,133.69
J2E_0687,J3_1003,J3,146.59
J2E_0692,J3_1332,J3,119.89
J2E_0693,J3_1332,J3,144.9
J2E_0696,J3_0577,J3,148.88
J2E_0697,J3_0577,J3,75.67
J2E_0697,J3_1333,J3,133.71
J2E_0699,J3_0854,J3,81.35
J2E_0699,J3_1176,J3,137.68
J2E_0700,J3_0603,J3,86.03
J2E_0700,J3_0353,J3,107.37
J2E_0701,J3_0187,J3,99.53
J2E_0703,J3_0335,J3,83.63
J2E_0703,J3_0613,J3,119.98
J2E_0703,J3_1424,J3,122.27
J2E_0704,J3_0386,J3,84.77
J2E_0704,J3_0879,J3,142.41
J2E_0705,J3_1016,J3,129.29
J2E_0705,J3_1338,J3,138.31
J2E_0707,J3_0517,J3,0.0
J2E_0707,J3_0890,J3,76.92
J2E_0707,J3_1305,J3,81.83
J2E_0707,J3_0607,J3,101.22
J2E_0708,J3_1305,J3,96.12
J2E_0708,J3_0607,J3,100.87
J2E_0708,J3_0517,J3,138.65
J2E_0709,J3_0390,J3,90.19
J2E_0709,J3_1060,J3,144.84
J2E_0710,J3_0834,J3,114.64
J2E_0711,J3_1418,J3,149.97
J2E_0712,J3_0337,J3,10.94
J2E_0712,J3_0336,J3,57.04
J2E_0712,J3_0449,J3,94.72
J2E_0712,J3_0460,J3,127.3
J2E_0715,J3_1418,J3,65.62
J2E_0715,J3_0460,J3,124.6
J2E_0716,J3_1418,J3,87.93
J2E_0716,J3_0460,J3,100.34
J2E_0717,J3_0460,J3,50.7
J2E_0717,J3_0336,J3,124.84
J2E_0718,J3_1060,J3,44.52
J2E_0718,J3_0390,J3,99.18
J2E_0719,J3_1060,J3,60.67
J2E_0719,J3_0390,J3,115.33
J2E_0720,J3_1059,J3,72.06
J2E_0721,J3_1059,J3,101.43
J2E_0723,J3_0214,J3,21.5
J2E_0723,F_068,F,82.1
J2E_0723,J3_0588,J3,101.14
J2E_0723,J3_1062,J3,138.48
J2E_0726,F_065,F,137.96
J2E_0726,J3_1027,J3,142.26
J2E_0727,F_065,F,140.87
J2E_0727,J3_1027,J3,143.24
J2E_0729,J3_1158,J3,149.04
J2E_0732,J3_0379,J3,8.59
J2E_0732,F_005,F,39.73
J2E_0732,J3_0929,J3,77.24
J2E_0732,J3_1158,J3,125.63
J2E_0736,J3_0698,J3,40.85
J2E_0736,J3_0237,J3,74.82
J2E_0736,J3_0618,J3,137.52
J2E_0737,J3_0056,J3,120.48
J2E_0737,J3_0698,J3,127.84
J2E_0738,J3_0698,J3,58.94
J2E_0738,J3_0237,J3,115.65
J2E_0739,J3_0056,J3,93.25
J2E_0740,J3_0056,J3,49.28
J2E_0741,J3_0698,J3,37.0
J2E_0741,J3_0237,J3,93.56
J2E_0743,J3_1197,J3,134.52
J2E_0744,J3_0182,J3,138.49
J2E_0745,J3_0867,J3,97.51
J2E_0745,J3_0951,J3,149.75
J2E_0746,J3_0036,J3,63.35
J2E_0746,J3_1198,J3,135.26
J2E_0747,J3_0091,J3,0.0
J2E_0749,J3_0467,J3,109.86
J2E_0750,J3_0839,J3,125.03
J2E_0753,J3_0527,J3,37.5
J2E_0753,J3_1415,J3,75.7
J2E_0754,J3_1415,J3,71.32
J2E_0754,J3_0527,J3,101.73
J2E_0755,J3_1415,J3,129.21
J2E_0755,J3_0527,J3,139.12
J2E_0756,J3_0527,J3,148.73
J2E_0759,J3_1414,J3,54.88
J2E_0761,J3_0425,J3,125.47
J2E_0761,J3_0262,J3,136.57
J2E_0761,F_056,F,137.49
J2E_0761,J3_1279,J3,137.49
J2E_0762,J3_0425,J3,74.86
J2E_0762,F_056,F,86.88
J2E_0762,J3_1279,J3,86.88
J2E_0762,J3_0261,J3,105.88
J2E_0762,J3_0461,J3,123.68
J2E_0762,J3_0768,J3,139.52
J2E_0763,J3_0223,J3,141.13
J2E_0764,J3_1579,J3,100.82
J2E_0764,F_055,F,147.69
J2E_0766,J3_0371,J3,28.85
J2E_0766,J3_0769,J3,87.23
J2E_0767,J3_0769,J3,97.85
J2E_0767,J3_0533,J3,135.09
J2E_0767,J3_0961,J3,140.83
J2E_0768,J3_0437,J3,70.29
J2E_0768,J3_0857,J3,146.83
J2E_0769,J3_0530,J3,109.57
J2E_0769,J3_1365,J3,130.42
J2E_0772,J3_1112,J3,138.18
J2E_0774,J3_0817,J3,36.8
J2E_0774,J3_0887,J3,103.37
J2E_0775,J3_1242,J3,133.61
J2E_0776,J3_0800,J3,61.84
J2E_0778,J3_1145,J3,148.61
J2E_0780,J3_1126,J3,24.93
J2E_0781,J3_0870,J3,109.2
J2E_0782,J3_1127,J3,74.06
J2E_0785,J3_0004,J3,63.46
J2E_0786,J3_0239,J3,104.55
J2E_0786,J3_0004,J3,108.16
J2E_0786,J3_0290,J3,149.44
J2E_0788,J3_0363,J3,100.21
J2E_0788,F_058,F,101.28
J2E_0788,J3_0603,J3,106.01
J2E_0788,J3_0413,J3,142.68
J2E_0790,J3_1401,J3,73.9
J2V_0000,J3_0154,J3,87.25
J2V_0000,J3_0155,J3,87.25
J2V_0001,J3_0154,J3,87.25
J2V_0001,J3_0155,J3,87.25
J2V_0003,J3_1458,J3,0.0
J2V_0003,J3_0089,J3,115.46
J2V_0004,J3_1455,J3,0.0
J2V_0004,J3_0486,J3,102.55
J2V_0006,J3_0484,J3,85.08
J2V_0006,J3_0485,J3,85.08
J2V_0008,F_024,F,69.11
J2V_0008,J3_0184,J3,132.37
J2V_0009,J3_1559,J3,65.71
J2V_0010,J3_1538,J3,98.47
J2V_0011,J3_1528,J3,148.46
J2V_0017,J3_1286,J3,149.33
J2V_0020,J3_1474,J3,33.77
J2V_0021,J3_0573,J3,89.82
J2V_0021,J3_0658,J3,148.89
J2V_0021,J3_1289,J3,148.89
J2V_0022,J3_0658,J3,89.8
J2V_0022,J3_1289,J3,89.8
J2V_0026,J3_0685,J3,141.65
J2V_0027,J3_0955,J3,0.0
J2V_0028,J3_1347,J3,78.97
J2V_0029,J3_1207,J3,65.83
J2V_0029,J3_0077,J3,87.58
J2V_0030,J3_1360,J3,74.04
J2V_0032,J3_0917,J3,135.71
J2V_0033,J3_1206,J3,128.8
J2V_0034,J3_0494,J3,114.07
J2V_0037,J3_1206,J3,29.04
J2V_0038,J3_1207,J3,141.69
J2V_0039,J3_1295,J3,0.0
J2V_0040,J3_1561,J3,0.0
J2V_0044,J3_1605,J3,83.57
J2V_0046,J3_1606,J3,0.0
J2V_0048,F_069,F,38.38
J2V_0049,J3_0542,J3,135.2
J2V_0050,J3_0542,J3,135.2
J2V_0053,J3_0977,J3,120.47
J2V_0053,J3_0218,J3,141.01
J2V_0058,J3_1335,J3,127.79
J2V_0059,J3_0977,J3,134.97
J2V_0059,J3_0072,J3,136.58
J2V_0060,J3_1574,J3,104.24
J2V_0063,J3_0029,J3,140.91
J2V_0064,J3_1497,J3,133.59
J2V_0065,J3_1573,J3,104.79
J2V_0071,J3_1573,J3,76.42
J2V_0072,J3_0352,J3,113.92
J2V_0072,J3_1070,J3,144.13
J2V_0073,J3_0746,J3,147.04
J2V_0073,J3_0747,J3,147.04
J2V_0075,J3_1431,J3,40.74
J2V_0076,J3_1334,J3,69.52
J2V_0082,J3_1382,J3,60.34
J2V_0083,J3_1257,J3,0.0
J2V_0085,J3_1467,J3,146.11
J2V_0088,J3_1379,J3,109.67
J2V_0089,J3_0260,J3,116.34
J2V_0090,J3_1186,J3,117.52
J2V_0099,J3_1557,J3,0.0
J2V_0102,J3_0117,J3,128.6
J2V_0103,J3_0740,J3,63.66
J2V_0106,J3_1210,J3,137.47
J2V_0107,J3_0417,J3,64.77
J2V_0109,J3_0140,J3,111.15
J2V_0109,J3_0866,J3,130.01
J2V_0109,J3_0666,J3,134.81
J2V_0112,J3_0866,J3,88.33
J2V_0112,J3_0666,J3,115.79
J2V_0112,F_038,F,117.9
J2V_0113,J3_1189,J3,0.0
J2V_0118,J3_1503,J3,0.0
J2V_0123,J3_1218,J3,0.0
J2V_0123,J3_0856,J3,27.61
J2V_0123,J3_0681,J3,42.6
J2V_0123,J3_0668,J3,101.59
J2V_0123,J3_0217,J3,122.85
J2V_0123,J3_0384,J3,129.43
J2V_0124,J3_1219,J3,131.61
J2V_0128,J3_1706,J3,29.89
J2V_0130,J3_1282,J3,86.54
J2V_0131,J3_1389,J3,33.19
J2V_0132,J3_0580,J3,14.99
J2V_0132,J3_0358,J3,103.6
J2V_0132,J3_1118,J3,124.89
J2V_0136,J3_1713,J3,78.46
J2V_0139,J3_0715,J3,74.84
J2V_0139,J3_0712,J3,116.66
J2V_0139,J3_1390,J3,116.66
J2V_0141,J3_1142,J3,102.23
J2V_0141,J3_0427,J3,132.94
J2V_0141,J3_0131,J3,150.0
J2V_0142,J3_1690,J3,47.2
J2V_0144,J3_0052,J3,146.18
J2V_0145,J3_0187,J3,123.01
J2V_0145,J3_1424,J3,141.38
J2V_0148,J3_1509,J3,92.3
J2V_0149,J3_0052,J3,116.86
J2V_0149,J3_0131,J3,119.11
J2V_0149,J3_0427,J3,136.07
J2V_0151,J3_0779,J3,80.35
J2V_0153,J3_0715,J3,0.0
J2V_0153,J3_0712,J3,41.82
J2V_0153,J3_1390,J3,41.82
J2V_0155,J3_0081,J3,142.9
J2V_0156,J3_0550,J3,103.57
J2V_0156,J3_0081,J3,139.03
J2V_0156,J3_0080,J3,145.91
J2V_0157,J3_0646,J3,141.63
J2V_0158,F_020,F,33.08
J2V_0162,J3_0908,J3,113.91
J2V_0162,J3_0192,J3,131.77
J2V_0162,J3_0412,J3,147.7
J2V_0163,J3_1229,J3,9.99
J2V_0166,J3_1229,J3,140.01
J2V_0167,J3_1489,J3,117.88
J2V_0168,J3_1374,J3,149.87
J2V_0169,J3_0338,J3,48.81
J2V_0169,J3_0457,J3,79.85
J2V_0172,J3_0065,J3,15.49
J2V_0172,F_071,F,107.57
J2V_0174,J3_0901,J3,131.2
J2V_0175,J3_0177,J3,129.14
J2V_0176,J3_0118,J3,64.25
J2V_0176,J3_0956,J3,105.15
J2V_0177,J3_0711,J3,57.95
J2V_0180,J3_0030,J3,31.05
J2V_0180,J3_0196,J3,142.88
J2V_0183,J3_0645,J3,131.93
J2V_0191,J3_0097,J3,80.42
J2V_0193,J3_0173,J3,58.74
J2V_0193,J3_0694,J3,88.69
J2V_0193,J3_1342,J3,111.06
J2V_0194,J3_1054,J3,142.56
J2V_0197,J3_0643,J3,125.3
J2V_0197,J3_0242,J3,144.65
J2V_0198,J3_1420,J3,37.53
J2V_0199,J3_0327,J3,16.64
J2V_0199,J3_0314,J3,17.69
J2V_0199,J3_1104,J3,140.5
J2V_0199,J3_0270,J3,144.36
J2V_0201,J3_0877,J3,61.96
J2V_0201,J3_0849,J3,78.71
J2V_0202,J3_1425,J3,94.61
J2V_0204,J3_1322,J3,0.0
J2V_0205,J3_0671,J3,87.72
J2V_0205,J3_0307,J3,100.63
J2V_0205,J3_0419,J3,102.7
J2V_0207,J3_1506,J3,48.32
J2V_0208,F_017,F,62.71
J2V_0208,J3_0288,J3,90.9
J2V_0208,J3_0422,J3,90.9
J2V_0209,J3_1506,J3,32.95
J2V_0214,J3_0600,J3,9.93
J2V_0214,J3_0361,J3,28.79
J2V_0215,J3_0125,J3,92.6
J2V_0215,J3_0496,J3,92.6
J2V_0215,J3_0124,J3,102.25
J2V_0217,J3_0777,J3,66.44
J2V_0217,J3_0631,J3,111.21
J2V_0217,J3_0791,J3,123.62
J2V_0218,J3_1462,J3,49.61
J2V_0219,J3_0201,J3,87.75
J2V_0221,J3_1469,J3,130.42
J2V_0222,J3_1611,J3,87.78
J2V_0225,J3_0558,J3,113.13
J2V_0225,J3_0743,J3,113.13
J2V_0225,J3_0938,J3,113.13
J2V_0225,J3_1616,J3,113.13
J2V_0227,J3_0950,J3,34.62
J2V_0227,J3_1273,J3,40.84
J2V_0227,J3_0525,J3,84.69
J2V_0228,J3_1610,J3,97.43
J2V_0229,J3_0558,J3,136.93
J2V_0229,J3_0743,J3,136.93
J2V_0229,J3_0938,J3,136.93
J2V_0229,J3_1616,J3,136.93
J2V_0233,J3_0531,J3,139.82
J2V_0234,J3_1520,J3,138.83
J2V_0240,J3_0310,J3,112.96
J2V_0241,J3_0157,J3,105.08
J2V_0243,J3_1544,J3,121.77
J2V_0244,J3_0531,J3,145.38
J2V_0246,J3_1471,J3,76.74
J2V_0247,J3_1494,J3,0.0
J2V_0250,J3_1614,J3,91.69
J2V_0253,J3_1547,J3,15.38
J2V_0254,J3_1471,J3,128.05
J2V_0255,J3_1572,J3,70.34
J2V_0255,J3_0973,J3,85.62
J2V_0255,J3_0531,J3,133.72
J2V_0256,J3_1550,J3,139.71
J2V_0260,J3_0678,J3,50.08
J2V_0260,J3_0892,J3,145.1
J2V_0262,J3_1615,J3,143.62
J2V_0265,J3_1609,J3,0.0
J2V_0269,J3_1612,J3,0.0
J2V_0270,J3_1620,J3,146.29
J2V_0275,J3_0966,J3,93.08
J2V_0280,J3_0959,J3,47.69
J2V_0282,J3_1317,J3,110.49
J2V_0283,J3_1298,J3,85.34
J2V_0285,F_063,F,69.28
J2V_0288,J3_1313,J3,0.0
J2V_0291,J3_0313,J3,61.58
J2V_0291,J3_0441,J3,76.44
J2V_0291,J3_0630,J3,132.8
J2V_0292,J3_1310,J3,110.71
J2V_0293,J3_1173,J3,67.0
J2V_0293,J3_0042,J3,129.95
J2V_0294,J3_0821,J3,123.3
J2V_0301,J3_0078,J3,23.82
J2V_0307,J3_0165,J3,119.88
J2V_0308,J3_0561,J3,0.0
J2V_0308,J3_1311,J3,12.8
J2V_0311,J3_1098,J3,0.0
J2V_0311,J3_0311,J3,69.84
J2V_0318,J3_1312,J3,112.46
J2V_0319,J3_1247,J3,142.39
J2V_0321,J3_0109,J3,50.4
J2V_0321,J3_0628,J3,96.14
J2V_0321,J3_1099,J3,141.65
J2V_0323,J3_0167,J3,83.88
J2V_0323,J3_0728,J3,83.88
J2V_0323,J3_1271,J3,133.84
J2V_0324,J3_1427,J3,98.23
J2V_0326,J3_0674,J3,19.52
J2V_0326,F_048,F,139.68
J2V_0326,J3_0220,J3,139.68
J2V_0327,F_048,F,131.2
J2V_0327,J3_0220,J3,131.2
J2V_0327,J3_0958,J3,136.9
J2V_0329,J3_1464,J3,70.54
J2V_0333,J3_0653,J3,50.94
J2V_0337,J3_1674,J3,127.84
J2V_0338,J3_0023,J3,0.0
J2V_0341,J3_0452,J3,139.87
J2V_0342,J3_0057,J3,0.0
J2V_0343,J3_0924,J3,116.66
J2V_0343,J3_0509,J3,146.35
J2V_0346,J3_1200,J3,122.32
J2V_0350,J3_1674,J3,0.0
J2V_0353,J3_0351,J3,131.87
J2V_0353,J3_1377,J3,138.34
J2V_0356,J3_0853,J3,112.24
J2V_0357,J3_1472,J3,122.43
J2V_0359,J3_0171,J3,104.39
J2V_0365,J3_1463,J3,18.32
J2V_0371,J3_0251,J3,40.99
J2V_0373,J3_0149,J3,75.77
J2V_0373,J3_0171,J3,89.21
J2V_0373,J3_0673,J3,137.42
J2V_0376,J3_1675,J3,70.24
J2V_0377,J3_1227,J3,0.0
J2V_0378,J3_0181,J3,123.34
J2V_0378,J3_0845,J3,123.88
J2V_0386,J3_1376,J3,0.0
J2V_0386,J3_0045,J3,61.1
J2V_0391,F_044,F,0.0
J2V_0391,J3_1067,J3,0.0
J2V_0393,F_044,F,0.0
J2V_0393,J3_1067,J3,0.0
J2V_0395,J3_1169,J3,64.73
J2V_0396,J3_0036,J3,115.52
J2V_0396,J3_0702,J3,120.78
J2V_0396,J3_0845,J3,134.67
J2V_0400,J3_1676,J3,0.0
J2V_0401,J3_0182,J3,113.29
J2V_0401,J3_0036,J3,123.83
J2V_0402,J3_1300,J3,89.93
J2V_0403,J3_1676,J3,137.28
J2V_0406,J3_1125,J3,14.59
J2V_0406,J3_0168,J3,141.31
J2V_0408,F_044,F,0.0
J2V_0408,J3_1067,J3,0.0
J2V_0411,J3_0529,J3,146.49
J2V_0413,J3_0530,J3,37.49
J2V_0413,J3_0158,J3,143.98
J2V_0414,F_006,F,90.46
J2V_0414,J3_1007,J3,149.57
J2V_0417,J3_0969,J3,99.44
J2V_0417,F_070,F,106.14
J2V_0417,J3_0471,J3,137.75
J2V_0422,J3_1168,J3,120.99
J2V_0425,J3_1246,J3,0.0
J2V_0428,J3_1703,J3,0.0
J2V_0429,J3_1246,J3,131.13
J2V_0430,F_005,F,95.08
J2V_0430,J3_0379,J3,114.88
J2V_0430,J3_0929,J3,132.59
J2V_0431,J3_1621,J3,139.16
J2V_0435,F_025,F,9.51
J2V_0435,J3_0842,J3,38.93
J2V_0435,J3_0295,J3,102.73
J2V_0435,J3_0364,J3,134.91
J2V_0435,J3_0669,J3,134.91
J2V_0435,J3_0246,J3,144.61
J2V_0435,J3_0203,J3,147.92
J2V_0438,J3_1473,J3,0.0
J2V_0441,J3_1622,J3,61.48
J2V_0442,J3_1157,J3,0.0
J2V_0443,J3_1157,J3,142.81
J2V_0445,J3_0250,J3,17.72
J2V_0445,J3_0813,J3,41.9
J2V_0445,J3_0357,J3,136.23
J2V_0446,J3_0842,J3,44.48
J2V_0446,F_025,F,49.47
J2V_0448,J3_1405,J3,46.36
J2V_0450,J3_1192,J3,141.94
J2V_0455,J3_1513,J3,0.0
J2V_0457,J3_1236,J3,0.0
J2V_0459,J3_1165,J3,0.0
J2V_0469,J3_1651,J3,120.13
J2V_0471,F_011,F,0.0
J2V_0473,J3_1407,J3,0.0
J2V_0476,J3_1707,J3,70.69
J2V_0477,J3_1484,J3,19.24
J2V_0478,J3_1708,J3,0.0
J2V_0479,J3_1409,J3,37.77
J2V_0480,J3_1407,J3,0.0
J2V_0481,J3_1707,J3,70.69
J2V_0488,J3_1407,J3,0.0
J2V_0489,J3_1707,J3,0.0
J2V_0492,J3_1412,J3,0.0
J2V_0494,J3_1671,J3,44.18
J2V_0495,J3_1408,J3,19.01
J2V_0497,J3_1408,J3,19.01
J2V_0500,J3_1412,J3,76.33
J2V_0504,J3_1516,J3,82.54
