cod_ine,FP,n_lineas_emt_unicas_log_norm,n_comercios_log_norm,n_monumentos_log_norm,pct_area_turistica_log_norm
4625001001,0.60194,0.0,0.886801,1.0,0.520961
4625001002,0.602133,0.0,0.890239,0.887412,0.63088
4625001003,0.732743,0.691886,0.654179,0.829615,0.755292
4625001005,0.563924,0.464386,0.691642,0.936921,0.162745
4625001007,0.469123,0.0,0.673726,0.619906,0.582861
4625001008,0.390989,0.0,0.345821,0.556827,0.661308
4625001009,0.688098,0.8,0.515238,0.479625,0.95753
4625001010,0.601745,0.4,0.515238,0.556827,0.934915
4625001011,0.575564,0.0,0.808172,0.673239,0.820845
4625001012,0.407401,0.2,0.345821,0.479625,0.604158
4625001013,0.422646,0.316993,0.708179,0.380094,0.285319
4625001014,0.47167,0.0,0.792632,0.79664,0.297409
4625001017,0.374941,0.0,0.472119,0.380094,0.647552
4625001019,0.382096,0.316993,0.751297,0.380094,0.080002
4625001022,0.285741,0.4,0.446811,0.0,0.296154
4625001023,0.292793,0.516993,0.654179,0.0,0.0
4625001024,0.634955,0.4,0.836238,0.673239,0.630344
4625001025,0.441254,0.0,0.959593,0.479625,0.325798
4625001026,0.411761,0.516993,0.890239,0.239812,0.0
4625001028,0.486003,0.464386,1.0,0.479625,0.0
4625001030,0.657514,0.8,0.787192,0.479625,0.563238
4625001031,0.656057,0.817493,0.857116,0.479625,0.469994
4625001032,0.556511,1.0,0.978495,0.239812,0.007736
4625001034,0.767708,0.716993,0.836238,0.673239,0.844364
4625002001,0.490476,0.4,0.567056,0.239812,0.755038
4625002003,0.2325,0.516993,0.23606,0.0,0.176946
4625002004,0.257231,0.316993,0.472119,0.239812,0.0
4625002006,0.241764,0.4,0.567056,0.0,0.0
4625002008,0.281442,0.516993,0.608775,0.0,0.0
4625002009,0.161703,0.2,0.446811,0.0,0.0
4625002010,0.211703,0.4,0.446811,0.0,0.0
4625002013,0.368199,0.516993,0.715993,0.239812,0.0
4625002014,0.183484,0.2,0.533934,0.0,0.0
4625002015,0.168432,0.0,0.673726,0.0,0.0
4625002016,0.270199,0.633985,0.446811,0.0,0.0
4625002018,0.208058,0.316993,0.515238,0.0,0.0
4625002019,0.260132,0.316993,0.723533,0.0,0.0
4625002020,0.136455,0.2,0.345821,0.0,0.0
4625002021,0.244898,0.561471,0.418119,0.0,0.0
4625002023,0.165704,0.316993,0.345821,0.0,0.0
4625002024,0.086455,0.0,0.345821,0.0,0.0
4625002025,0.17881,0.2,0.515238,0.0,0.0
4625002026,0.163545,0.0,0.654179,0.0,0.0
4625002030,0.15453,0.2,0.418119,0.0,0.0
4625002031,0.111703,0.0,0.446811,0.0,0.0
4625002032,0.319869,0.316993,0.0,0.0,0.962484
4625002033,0.471251,0.781378,0.723533,0.380094,0.0
4625002035,0.215217,0.0,0.621056,0.239812,0.0
4625002036,0.141764,0.0,0.567056,0.0,0.0
4625002037,0.526176,0.516993,0.813112,0.380094,0.394504
4625002039,0.576424,0.691886,0.608775,0.239812,0.765224
4625002041,0.512996,0.761471,0.515238,0.0,0.775277
4625002042,0.19547,0.2,0.581881,0.0,0.0
4625002043,0.233778,0.516993,0.418119,0.0,0.0
4625002044,0.10453,0.0,0.418119,0.0,0.0
4625002045,0.302118,0.0,0.418119,0.0,0.790354
4625002046,0.452878,0.561471,0.533934,0.0,0.716105
4625002047,0.261567,0.464386,0.581881,0.0,0.0
4625002050,0.273851,0.561471,0.533934,0.0,0.0
4625002051,0.096249,0.0,0.384997,0.0,0.0
4625002053,0.191764,0.2,0.567056,0.0,0.0
4625002054,0.137234,0.4,0.148937,0.0,0.0
4625002055,0.48876,0.516993,0.472119,0.239812,0.726118
4625002057,0.3775,0.561471,0.148937,0.0,0.799594
4625003001,0.321012,0.716993,0.567056,0.0,0.0
4625003002,0.298937,0.6,0.595748,0.0,0.0
4625003004,0.321656,0.6,0.446811,0.239812,0.0
4625003007,0.540276,0.561471,0.384997,0.239812,0.974824
4625003008,0.500471,0.316993,0.446811,0.380094,0.857988
4625003010,0.444511,0.4,0.708179,0.239812,0.430052
4625003013,0.4511,0.761471,0.803116,0.239812,0.0
4625003015,0.321012,0.716993,0.567056,0.0,0.0
4625003017,0.14547,0.0,0.581881,0.0,0.0
4625003018,0.338219,0.464386,0.345821,0.0,0.542669
4625003019,0.292252,0.4,0.297874,0.0,0.471134
4625003020,0.063288,0.0,0.148937,0.0,0.104217
4625003021,0.337873,0.633985,0.418119,0.0,0.299388
4625003023,0.464989,0.6,0.23606,0.239812,0.784086
4625003025,0.359551,0.316993,0.0,0.239812,0.881398
4625003026,0.109015,0.2,0.23606,0.0,0.0
4625003027,0.413958,0.516993,0.472119,0.239812,0.42691
4625003029,0.059015,0.0,0.23606,0.0,0.0
4625003030,0.037234,0.0,0.148937,0.0,0.0
4625003032,0.174469,0.4,0.297874,0.0,0.0
4625003033,0.264057,0.561471,0.494758,0.0,0.0
4625003034,0.439718,0.716993,0.494758,0.0,0.547123
4625003035,0.153717,0.316993,0.297874,0.0,0.0
4625003036,0.059015,0.0,0.23606,0.0,0.0
4625003037,0.059015,0.0,0.23606,0.0,0.0
4625003038,0.146408,0.0,0.345821,0.239812,0.0
4625003040,0.356518,0.464386,0.384997,0.0,0.576688
4625003041,0.390445,0.740088,0.581881,0.239812,0.0
4625003044,0.118968,0.0,0.23606,0.239812,0.0
4625003046,0.124469,0.2,0.297874,0.0,0.0
4625003047,0.138263,0.316993,0.23606,0.0,0.0
4625003048,0.086455,0.0,0.345821,0.0,0.0
4625003049,0.390942,0.6,0.446811,0.0,0.516957
4625003050,0.264057,0.561471,0.494758,0.0,0.0
4625003052,0.499175,0.6,0.418119,0.239812,0.73877
4625003053,0.141764,0.0,0.567056,0.0,0.0
4625003055,0.037234,0.0,0.148937,0.0,0.0
4625004001,0.643255,0.761471,0.87247,0.239812,0.699265
4625004002,0.226823,0.561471,0.345821,0.0,0.0
4625004003,0.244208,0.0,0.23606,0.239812,0.50096
4625004004,0.074468,0.0,0.297874,0.0,0.0
4625004005,0.455401,0.633985,0.621056,0.0,0.566563
4625004006,0.432646,0.464386,0.446811,0.0,0.819386
4625004007,0.295382,0.2,0.148937,0.0,0.832591
4625004008,0.456982,0.516993,0.23606,0.239812,0.835061
4625004009,0.055428,0.0,0.0,0.0,0.22171
4625004010,0.087234,0.2,0.148937,0.0,0.0
4625004011,0.176492,0.4,0.0,0.0,0.305967
4625004012,0.233778,0.516993,0.418119,0.0,0.0
4625004014,0.10453,0.0,0.418119,0.0,0.0
4625004015,0.153717,0.316993,0.297874,0.0,0.0
4625004016,0.19547,0.2,0.581881,0.0,0.0
4625004017,0.201351,0.0,0.384997,0.0,0.420407
4625004018,0.163832,0.2,0.297874,0.0,0.157454
4625004019,0.286779,0.4,0.0,0.0,0.747118
4625004020,0.40283,0.316993,0.664175,0.0,0.630154
4625004021,0.386738,0.316993,0.418119,0.0,0.811841
4625004022,0.30145,0.516993,0.23606,0.0,0.452745
4625004023,0.308288,0.316993,0.0,0.0,0.916161
4625004024,0.290172,0.516993,0.643695,0.0,0.0
4625004025,0.564836,0.464386,0.551133,0.380094,0.863731
4625004026,0.418887,0.516993,0.345821,0.0,0.812736
4625004027,0.227158,0.2,0.148937,0.0,0.559697
4625004028,0.2771,0.464386,0.297874,0.0,0.346138
4625004029,0.27769,0.316993,0.345821,0.0,0.447945
4625004030,0.292642,0.2,0.472119,0.0,0.498447
4625005001,0.313073,0.6,0.0,0.0,0.652292
4625005002,0.35234,0.316993,0.23606,0.0,0.856305
4625005003,0.037234,0.0,0.148937,0.0,0.0
4625005004,0.246523,0.561471,0.0,0.0,0.424619
4625005005,0.255842,0.464386,0.23606,0.0,0.322921
4625005006,0.074468,0.0,0.297874,0.0,0.0
4625005007,0.368922,0.464386,0.297874,0.0,0.713426
4625005008,0.226889,0.2,0.23606,0.0,0.471496
4625005009,0.29712,0.0,0.23606,0.0,0.952418
4625005010,0.548822,0.633985,0.345821,0.239812,0.975672
4625005011,0.459422,0.6,0.297874,0.0,0.939814
4625005013,0.092882,0.0,0.148937,0.0,0.22259
4625005014,0.212238,0.2,0.297874,0.239812,0.111267
4625005015,0.32631,0.4,0.345821,0.0,0.559418
4625005016,0.116483,0.316993,0.148937,0.0,0.0
4625005017,0.51967,0.6,0.345821,0.479625,0.653233
4625005018,0.197278,0.316993,0.472119,0.0,0.0
4625005021,0.202194,0.2,0.608775,0.0,0.0
4625005022,0.116483,0.316993,0.148937,0.0,0.0
4625005025,0.705947,0.8,0.643695,0.380094,1.0
4625005027,0.188762,0.0,0.515238,0.239812,0.0
4625005028,0.446823,0.0,0.446811,0.479625,0.860855
4625005029,0.191744,0.464386,0.0,0.0,0.302589
4625005031,0.175112,0.464386,0.23606,0.0,0.0
4625005033,0.05,0.2,0.0,0.0,0.0
4625005034,0.16535,0.0,0.0,0.0,0.6614
4625005036,0.271979,0.4,0.0,0.0,0.687916
4625005037,0.059015,0.0,0.23606,0.0,0.0
4625005038,0.086455,0.0,0.345821,0.0,0.0
4625005039,0.310875,0.4,0.297874,0.0,0.545626
4625005040,0.086455,0.0,0.345821,0.0,0.0
4625005041,0.218968,0.4,0.23606,0.239812,0.0
4625005042,0.344271,0.516993,0.345821,0.239812,0.274457
4625005043,0.166482,0.516993,0.148937,0.0,0.0
4625005044,0.086455,0.0,0.345821,0.0,0.0
4625006001,0.632221,0.633985,0.581881,0.479625,0.833394
4625006002,0.525442,0.761471,0.533934,0.239812,0.566549
4625006003,0.177983,0.0,0.472119,0.239812,0.0
4625006004,0.342803,0.6,0.472119,0.0,0.299092
4625006006,0.378713,0.4,0.148937,0.239812,0.726104
4625006007,0.556104,0.691886,0.23606,0.556827,0.739642
4625006008,0.321514,0.691886,0.472119,0.0,0.12205
4625006009,0.22881,0.4,0.515238,0.0,0.0
4625006011,0.190951,0.316993,0.446811,0.0,0.0
4625006012,0.494943,0.561471,0.384997,0.239812,0.793491
4625006013,0.225656,0.316993,0.345821,0.239812,0.0
4625006014,0.369248,0.516993,0.595748,0.0,0.364252
4625006015,0.318938,0.4,0.472119,0.0,0.403635
4625006016,0.079248,0.316993,0.0,0.0,0.0
4625006017,0.165704,0.316993,0.345821,0.0,0.0
4625006018,0.153331,0.464386,0.148937,0.0,0.0
4625006019,0.304859,0.464386,0.515238,0.239812,0.0
4625006021,0.074468,0.0,0.297874,0.0,0.0
4625006022,0.116483,0.316993,0.148937,0.0,0.0
4625006023,0.310167,0.561471,0.148937,0.0,0.530261
4625006024,0.394068,0.740088,0.384997,0.239812,0.211376
4625006026,0.34672,0.691886,0.446811,0.0,0.248181
4625006027,0.270164,0.561471,0.297874,0.0,0.22131
4625007001,0.037234,0.0,0.148937,0.0,0.0
4625007002,0.10453,0.0,0.418119,0.0,0.0
4625007003,0.423073,0.516993,0.23606,0.0,0.93924
4625007004,0.059953,0.0,0.0,0.239812,0.0
4625007005,0.283516,0.0,0.297874,0.0,0.836192
4625007006,0.138263,0.316993,0.23606,0.0,0.0
4625007007,0.074468,0.0,0.297874,0.0,0.0
4625007008,0.234126,0.464386,0.472119,0.0,0.0
4625007009,0.0,0.0,0.0,0.0,0.0
4625007010,0.415523,0.6,0.23606,0.0,0.826033
4625007012,0.116483,0.316993,0.148937,0.0,0.0
4625007013,0.037234,0.0,0.148937,0.0,0.0
4625007014,0.037234,0.0,0.148937,0.0,0.0
4625007015,0.037234,0.0,0.148937,0.0,0.0
4625007016,0.087234,0.2,0.148937,0.0,0.0
4625007017,0.074468,0.0,0.297874,0.0,0.0
4625007018,0.153594,0.2,0.148937,0.0,0.265438
4625007019,0.110058,0.0,0.384997,0.0,0.055234
4625007020,0.080073,0.316993,0.0,0.0,0.003298
4625007021,0.292653,0.4,0.297874,0.0,0.472737
4625007022,0.198438,0.0,0.148937,0.0,0.644813
4625007023,0.0,0.0,0.0,0.0,0.0
4625007024,0.177602,0.561471,0.148937,0.0,0.0
4625007025,0.321528,0.516993,0.0,0.0,0.769121
4625007026,0.059953,0.0,0.0,0.239812,0.0
4625007027,0.116096,0.464386,0.0,0.0,0.0
4625007030,0.137234,0.4,0.148937,0.0,0.0
4625007031,0.079248,0.316993,0.0,0.0,0.0
4625007032,0.344532,0.516993,0.148937,0.239812,0.472385
4625007036,0.309463,0.516993,0.23606,0.0,0.484798
4625007037,0.35213,0.664386,0.345821,0.239812,0.158499
4625007039,0.208252,0.4,0.148937,0.0,0.284073
4625007040,0.136455,0.2,0.345821,0.0,0.0
4625007041,0.124469,0.2,0.297874,0.0,0.0
4625007042,0.229684,0.0,0.297874,0.0,0.620861
4625008001,0.079248,0.316993,0.0,0.0,0.0
4625008002,0.079248,0.316993,0.0,0.0,0.0
4625008003,0.179292,0.0,0.0,0.0,0.717168
4625008004,0.137234,0.4,0.148937,0.0,0.0
4625008006,0.188263,0.516993,0.23606,0.0,0.0
4625008007,0.136455,0.2,0.345821,0.0,0.0
4625008008,0.165704,0.316993,0.345821,0.0,0.0
4625008009,0.087234,0.2,0.148937,0.0,0.0
4625008010,0.116483,0.316993,0.148937,0.0,0.0
4625008012,0.30867,0.0,0.345821,0.0,0.888857
4625008013,0.196249,0.4,0.384997,0.0,0.0
4625008014,0.064808,0.0,0.0,0.0,0.259232
4625008015,0.097187,0.0,0.148937,0.239812,0.0
4625008016,0.05,0.2,0.0,0.0,0.0
4625008017,0.037234,0.0,0.148937,0.0,0.0
4625008018,0.403322,0.316993,0.345821,0.239812,0.710663
4625008019,0.278883,0.316993,0.23606,0.0,0.562478
4625008020,0.137234,0.4,0.148937,0.0,0.0
4625008021,0.206747,0.0,0.148937,0.239812,0.438238
4625008022,0.254842,0.2,0.23606,0.0,0.583307
4625008023,0.118751,0.316993,0.148937,0.0,0.009072
4625008024,0.270355,0.516993,0.472119,0.0,0.092308
4625008025,0.204863,0.0,0.0,0.0,0.819451
4625008026,0.215501,0.4,0.148937,0.0,0.313066
4625008027,0.037234,0.0,0.148937,0.0,0.0
4625008028,0.090015,0.0,0.0,0.0,0.360059
4625008029,0.138263,0.316993,0.23606,0.0,0.0
4625008030,0.230707,0.316993,0.297874,0.0,0.307962
4625008031,0.175498,0.316993,0.384997,0.0,0.0
4625008032,0.355547,0.4,0.654179,0.0,0.368009
4625008033,0.153717,0.316993,0.297874,0.0,0.0
4625008034,0.159015,0.4,0.23606,0.0,0.0
4625008035,0.279884,0.316993,0.148937,0.0,0.653605
4625008036,0.124398,0.4,0.0,0.0,0.097593
4625008037,0.244324,0.316993,0.0,0.0,0.660305
4625008038,0.261415,0.2,0.148937,0.0,0.696722
4625008039,0.0,0.0,0.0,0.0,0.0
4625008040,0.05,0.2,0.0,0.0,0.0
4625008041,0.059015,0.0,0.23606,0.0,0.0
4625008042,0.240402,0.0,0.345821,0.0,0.615787
4625009001,0.329234,0.464386,0.148937,0.0,0.703612
4625009002,0.175112,0.464386,0.23606,0.0,0.0
4625009003,0.074468,0.0,0.297874,0.0,0.0
4625009004,0.0,0.0,0.0,0.0,0.0
4625009005,0.079248,0.316993,0.0,0.0,0.0
4625009007,0.109015,0.2,0.23606,0.0,0.0
4625009008,0.138263,0.316993,0.23606,0.0,0.0
4625009009,0.037234,0.0,0.148937,0.0,0.0
4625009010,0.186455,0.4,0.345821,0.0,0.0
4625009012,0.292444,0.316993,0.297874,0.0,0.554909
4625009013,0.141764,0.0,0.567056,0.0,0.0
4625009015,0.136455,0.2,0.345821,0.0,0.0
4625009016,0.116483,0.316993,0.148937,0.0,0.0
4625009017,0.186455,0.4,0.345821,0.0,0.0
4625009018,0.153331,0.464386,0.148937,0.0,0.0
4625009019,0.109015,0.2,0.23606,0.0,0.0
4625009020,0.227763,0.0,0.23606,0.0,0.674993
4625009021,0.195867,0.2,0.148937,0.0,0.43453
4625009022,0.133484,0.0,0.533934,0.0,0.0
4625009023,0.19547,0.2,0.581881,0.0,0.0
4625009024,0.19547,0.2,0.581881,0.0,0.0
4625009025,0.1,0.4,0.0,0.0,0.0
4625009026,0.24425,0.316993,0.148937,0.0,0.511072
4625009028,0.212346,0.464386,0.384997,0.0,0.0
4625009029,0.175112,0.464386,0.23606,0.0,0.0
4625009030,0.109015,0.2,0.23606,0.0,0.0
4625009031,0.38112,0.561471,0.23606,0.0,0.726948
4625009032,0.1,0.4,0.0,0.0,0.0
4625009033,0.037234,0.0,0.148937,0.0,0.0
4625009034,0.05,0.2,0.0,0.0,0.0
4625009035,0.129248,0.516993,0.0,0.0,0.0
4625009036,0.0,0.0,0.0,0.0,0.0
4625009037,0.0,0.0,0.0,0.0,0.0
4625009038,0.200372,0.464386,0.0,0.0,0.337104
4625009039,0.28689,0.516993,0.148937,0.0,0.481629
4625009040,0.153331,0.464386,0.148937,0.0,0.0
4625009041,0.159015,0.4,0.23606,0.0,0.0
4625009042,0.138263,0.316993,0.23606,0.0,0.0
4625010001,0.53969,0.561471,0.567056,0.239812,0.790423
4625010002,0.372,0.6,0.345821,0.239812,0.302368
4625010003,0.175498,0.316993,0.384997,0.0,0.0
4625010004,0.212655,0.0,0.23606,0.0,0.61456
4625010005,0.451232,0.4,0.446811,0.239812,0.718305
4625010006,0.207315,0.316993,0.148937,0.0,0.363329
4625010007,0.074468,0.0,0.297874,0.0,0.0
4625010008,0.183778,0.316993,0.418119,0.0,0.0
4625010009,0.138263,0.316993,0.23606,0.0,0.0
4625010010,0.391114,0.6,0.148937,0.0,0.815518
4625010011,0.366615,0.4,0.23606,0.380094,0.450307
4625010012,0.196249,0.4,0.384997,0.0,0.0
4625010013,0.146249,0.2,0.384997,0.0,0.0
4625010014,0.34489,0.2,0.472119,0.0,0.707442
4625010015,0.251872,0.0,0.494758,0.0,0.51273
4625010016,0.272685,0.316993,0.533934,0.239812,0.0
4625010017,0.220626,0.464386,0.418119,0.0,0.0
4625010018,0.25786,0.464386,0.567056,0.0,0.0
4625010019,0.195428,0.0,0.472119,0.0,0.309594
4625010021,0.074468,0.0,0.297874,0.0,0.0
4625010022,0.202938,0.316993,0.494758,0.0,0.0
4625010023,0.037234,0.0,0.148937,0.0,0.0
4625010024,0.05,0.2,0.0,0.0,0.0
4625010025,0.137234,0.4,0.148937,0.0,0.0
4625010026,0.186455,0.4,0.345821,0.0,0.0
4625010027,0.087234,0.2,0.148937,0.0,0.0
4625010028,0.29023,0.316993,0.23606,0.0,0.607865
4625010029,0.215704,0.516993,0.345821,0.0,0.0
4625010030,0.287569,0.464386,0.23606,0.0,0.449829
4625010031,0.137234,0.4,0.148937,0.0,0.0
4625010032,0.298621,0.316993,0.148937,0.239812,0.488741
4625010033,0.166879,0.4,0.148937,0.0,0.11858
4625010034,0.184755,0.4,0.0,0.0,0.339021
4625010035,0.234434,0.2,0.0,0.0,0.737735
4625010036,0.341425,0.516993,0.148937,0.0,0.699771
4625010037,0.210502,0.316993,0.0,0.0,0.525015
4625010039,0.325445,0.464386,0.472119,0.0,0.365274
4625010040,0.663718,0.664386,0.751297,0.239812,0.999379
4625010041,0.236617,0.561471,0.384997,0.0,0.0
4625010043,0.20964,0.464386,0.148937,0.0,0.225238
4625010044,0.294805,0.4,0.297874,0.0,0.481347
4625010045,0.345842,0.516993,0.148937,0.0,0.71744
4625010046,0.175498,0.316993,0.384997,0.0,0.0
4625010047,0.218826,0.2,0.23606,0.239812,0.199434
4625010048,0.190565,0.464386,0.297874,0.0,0.0
4625010049,0.116483,0.316993,0.148937,0.0,0.0
4625010050,0.329556,0.2,0.551133,0.0,0.567092
4625010051,0.364694,0.316993,0.148937,0.0,0.992846
4625010052,0.21803,0.4,0.472119,0.0,0.0
4625010053,0.407629,0.6,0.297874,0.0,0.732641
4625010054,0.323796,0.464386,0.418119,0.0,0.41268
4625010055,0.153717,0.316993,0.297874,0.0,0.0
4625011001,0.226823,0.561471,0.345821,0.0,0.0
4625011002,0.352416,0.561471,0.533934,0.0,0.314259
4625011004,0.465589,0.464386,0.632674,0.239812,0.525485
4625011005,0.11803,0.0,0.472119,0.0,0.0
4625011006,0.40907,0.633985,0.446811,0.479625,0.075861
4625011008,0.213053,0.0,0.472119,0.380094,0.0
4625011009,0.279621,0.316993,0.418119,0.0,0.383372
4625011011,0.234512,0.316993,0.621056,0.0,0.0
4625011012,0.44481,0.516993,0.775881,0.0,0.486367
4625011015,0.283642,0.4,0.494758,0.239812,0.0
4625011017,0.244872,0.4,0.567056,0.0,0.01243
4625011019,0.477847,0.6,0.595748,0.239812,0.475829
4625011021,0.227799,0.464386,0.446811,0.0,0.0
4625011022,0.218968,0.4,0.23606,0.239812,0.0
4625011024,0.219197,0.464386,0.345821,0.0,0.06658
4625011026,0.239786,0.464386,0.494758,0.0,0.0
4625011028,0.206202,0.2,0.384997,0.239812,0.0
4625011030,0.109015,0.2,0.23606,0.0,0.0
4625011031,0.360447,0.6,0.297874,0.0,0.543913
4625011032,0.137234,0.4,0.148937,0.0,0.0
4625011033,0.276532,0.2,0.23606,0.0,0.670067
4625011034,0.175112,0.464386,0.23606,0.0,0.0
4625011035,0.188263,0.516993,0.23606,0.0,0.0
4625011036,0.086455,0.0,0.345821,0.0,0.0
4625011037,0.116096,0.464386,0.0,0.0,0.0
4625011038,0.318523,0.464386,0.551133,0.239812,0.018762
4625011039,0.086455,0.0,0.345821,0.0,0.0
4625011040,0.225704,0.4,0.384997,0.0,0.117819
4625011041,0.328468,0.4,0.494758,0.0,0.419114
4625011042,0.168744,0.316993,0.148937,0.0,0.209044
4625011044,0.233095,0.316993,0.0,0.0,0.615386
4625011045,0.153331,0.464386,0.148937,0.0,0.0
4625011046,0.287752,0.464386,0.446811,0.239812,0.0
4625011047,0.153331,0.464386,0.148937,0.0,0.0
4625011048,0.087234,0.2,0.148937,0.0,0.0
4625011050,0.327351,0.516993,0.297874,0.0,0.494538
4625011051,0.303684,0.4,0.148937,0.0,0.665798
4625011052,0.216278,0.0,0.384997,0.0,0.480115
4625011053,0.230252,0.2,0.0,0.239812,0.481194
4625011054,0.153717,0.316993,0.297874,0.0,0.0
4625011055,0.270982,0.516993,0.148937,0.0,0.417996
4625012001,0.153717,0.316993,0.297874,0.0,0.0
4625012002,0.175498,0.316993,0.384997,0.0,0.0
4625012003,0.11803,0.0,0.472119,0.0,0.0
4625012006,0.258826,0.2,0.345821,0.0,0.489481
4625012008,0.059015,0.0,0.23606,0.0,0.0
4625012009,0.0,0.0,0.0,0.0,0.0
4625012010,0.356616,0.2,0.23606,0.239812,0.750593
4625012011,0.0,0.0,0.0,0.0,0.0
4625012012,0.146408,0.0,0.345821,0.239812,0.0
4625012013,0.112476,0.0,0.446811,0.0,0.003092
4625012014,0.037234,0.0,0.148937,0.0,0.0
4625012015,0.111703,0.0,0.446811,0.0,0.0
4625012016,0.153717,0.316993,0.297874,0.0,0.0
4625012018,0.175498,0.316993,0.384997,0.0,0.0
4625012019,0.136455,0.2,0.345821,0.0,0.0
4625012020,0.037234,0.0,0.148937,0.0,0.0
4625012021,0.118968,0.0,0.23606,0.239812,0.0
4625012023,0.22369,0.4,0.494758,0.0,0.0
4625012024,0.221012,0.316993,0.567056,0.0,0.0
4625012025,0.212225,0.2,0.0,0.0,0.6489
4625012026,0.086455,0.0,0.345821,0.0,0.0
4625012027,0.124469,0.2,0.297874,0.0,0.0
4625012028,0.274265,0.464386,0.632674,0.0,0.0
4625012029,0.266366,0.2,0.345821,0.0,0.519643
4625012030,0.260059,0.0,0.494758,0.0,0.545478
4625012031,0.096249,0.0,0.384997,0.0,0.0
4625012032,0.137234,0.4,0.148937,0.0,0.0
4625012033,0.244898,0.561471,0.418119,0.0,0.0
4625012034,0.21803,0.4,0.472119,0.0,0.0
4625012035,0.037234,0.0,0.148937,0.0,0.0
4625012036,0.021679,0.0,0.0,0.0,0.086715
4625012037,0.424424,0.4,0.418119,0.0,0.879576
4625012038,0.17369,0.2,0.494758,0.0,0.0
4625012039,0.111703,0.0,0.446811,0.0,0.0
4625012040,0.406248,0.516993,0.515238,0.0,0.592761
4625012041,0.45936,0.464386,0.567056,0.0,0.805997
4625012042,0.175112,0.464386,0.23606,0.0,0.0
4625012043,0.303424,0.4,0.23606,0.0,0.577634
4625012044,0.190951,0.316993,0.446811,0.0,0.0
4625012045,0.380654,0.516993,0.446811,0.0,0.558812
4625012046,0.454507,0.464386,0.494758,0.0,0.858882
4625012047,0.446046,0.516993,0.621056,0.0,0.646137
4625012048,0.377972,0.2,0.581881,0.0,0.730007
4625013001,0.256202,0.4,0.384997,0.239812,0.0
4625013002,0.21803,0.4,0.472119,0.0,0.0
4625013003,0.037234,0.0,0.148937,0.0,0.0
4625013004,0.36612,0.4,0.345821,0.0,0.718657
4625013005,0.074468,0.0,0.297874,0.0,0.0
4625013007,0.159015,0.4,0.23606,0.0,0.0
4625013008,0.378414,0.316993,0.494758,0.0,0.701907
4625013009,0.243712,0.0,0.472119,0.0,0.502727
4625013010,0.087234,0.2,0.148937,0.0,0.0
4625013011,0.330275,0.4,0.446811,0.0,0.47429
4625013012,0.365684,0.4,0.494758,0.0,0.567979
4625013013,0.404832,0.516993,0.664175,0.0,0.438158
4625013014,0.432224,0.4,0.643695,0.0,0.685199
4625013015,0.283484,0.6,0.533934,0.0,0.0
4625013016,0.159015,0.4,0.23606,0.0,0.0
4625013017,0.191834,0.0,0.23606,0.0,0.531277
4625013019,0.20453,0.4,0.418119,0.0,0.0
4625013020,0.16603,0.0,0.148937,0.0,0.515182
4625013021,0.380992,0.561471,0.581881,0.0,0.380614
4625013022,0.397727,0.561471,0.446811,0.239812,0.342813
4625013023,0.218694,0.0,0.567056,0.0,0.307719
4625013024,0.376543,0.561471,0.581881,0.0,0.362821
4625013025,0.430404,0.561471,0.76394,0.0,0.396206
4625013026,0.086455,0.0,0.345821,0.0,0.0
4625013027,0.321539,0.4,0.515238,0.0,0.370917
4625013028,0.225633,0.4,0.23606,0.0,0.266473
4625013029,0.154877,0.0,0.384997,0.0,0.234511
4625013030,0.109015,0.2,0.23606,0.0,0.0
4625014001,0.37723,0.2,0.664175,0.0,0.644745
4625014002,0.268676,0.316993,0.757712,0.0,0.0
4625014004,0.096249,0.0,0.384997,0.0,0.0
4625014005,0.191764,0.2,0.567056,0.0,0.0
4625014006,0.15453,0.2,0.418119,0.0,0.0
4625014007,0.187824,0.0,0.751297,0.0,0.0
4625014008,0.17369,0.2,0.494758,0.0,0.0
4625014009,0.272685,0.316993,0.533934,0.239812,0.0
4625014010,0.258246,0.316993,0.715993,0.0,0.0
4625014012,0.24768,0.316993,0.673726,0.0,0.0
4625014013,0.138263,0.316993,0.23606,0.0,0.0
4625014014,0.142507,0.0,0.23606,0.0,0.333967
4625014015,0.196249,0.4,0.384997,0.0,0.0
4625014016,0.224718,0.316993,0.581881,0.0,0.0
4625014018,0.096249,0.0,0.384997,0.0,0.0
4625014019,0.037234,0.0,0.148937,0.0,0.0
4625014020,0.087782,0.0,0.297874,0.0,0.053254
4625014021,0.165704,0.316993,0.345821,0.0,0.0
4625014022,0.074468,0.0,0.297874,0.0,0.0
4625014023,0.174469,0.4,0.297874,0.0,0.0
4625014024,0.293753,0.316993,0.297874,0.0,0.560146
4625015001,0.079248,0.316993,0.0,0.0,0.0
4625015002,0.186397,0.4,0.0,0.0,0.345586
4625015003,0.242782,0.4,0.0,0.0,0.571126
4625015004,0.138885,0.2,0.0,0.0,0.355538
4625015005,0.087234,0.2,0.148937,0.0,0.0
4625015006,0.142556,0.2,0.0,0.0,0.370223
4625015007,0.0,0.0,0.0,0.0,0.0
4625015008,0.225462,0.2,0.0,0.0,0.701849
4625015010,0.137234,0.4,0.148937,0.0,0.0
4625015011,0.037234,0.0,0.148937,0.0,0.0
4625015012,0.205085,0.4,0.148937,0.0,0.271404
4625015013,0.38801,0.4,0.148937,0.239812,0.76329
4625015014,0.087234,0.2,0.148937,0.0,0.0
4625015015,0.037234,0.0,0.148937,0.0,0.0
4625015016,0.19936,0.4,0.0,0.0,0.397442
4625015017,0.198674,0.4,0.0,0.0,0.394698
4625015018,0.230938,0.2,0.23606,0.0,0.487692
4625015019,0.190936,0.316993,0.0,0.0,0.446751
4625015020,0.225496,0.4,0.0,0.0,0.501984
4625015021,0.285026,0.316993,0.384997,0.0,0.438114
4625015022,0.087234,0.2,0.148937,0.0,0.0
4625015023,0.074468,0.0,0.297874,0.0,0.0
4625015024,0.202552,0.464386,0.345821,0.0,0.0
4625015025,0.165704,0.316993,0.345821,0.0,0.0
4625015026,0.079248,0.316993,0.0,0.0,0.0
4625015027,0.153331,0.464386,0.148937,0.0,0.0
4625015028,0.05,0.2,0.0,0.0,0.0
4625015029,0.293701,0.2,0.446811,0.0,0.527994
4625015030,0.168698,0.0,0.23606,0.0,0.438734
4625015031,0.269574,0.316993,0.0,0.0,0.761303
4625015032,0.05,0.2,0.0,0.0,0.0
4625015033,0.293766,0.0,0.0,0.239812,0.935254
4625015034,0.231613,0.316993,0.148937,0.0,0.460521
4625015035,0.111292,0.0,0.0,0.0,0.445167
4625015036,0.0,0.0,0.0,0.0,0.0
4625015037,0.361014,0.316993,0.384997,0.0,0.742066
4625015038,0.168642,0.2,0.345821,0.0,0.128748
4625015039,0.103109,0.0,0.0,0.0,0.412437
4625015040,0.246824,0.316993,0.297874,0.0,0.372429
4625016001,0.146249,0.2,0.384997,0.0,0.0
4625016002,0.037234,0.0,0.148937,0.0,0.0
4625016003,0.124469,0.2,0.297874,0.0,0.0
4625016004,0.05,0.2,0.0,0.0,0.0
4625016005,0.086455,0.0,0.345821,0.0,0.0
4625016006,0.1,0.4,0.0,0.0,0.0
4625016008,0.0,0.0,0.0,0.0,0.0
4625016009,0.0,0.0,0.0,0.0,0.0
4625016010,0.166482,0.516993,0.148937,0.0,0.0
4625016011,0.0,0.0,0.0,0.0,0.0
4625016012,0.165704,0.316993,0.345821,0.0,0.0
4625016013,0.138263,0.316993,0.23606,0.0,0.0
4625016014,0.116483,0.316993,0.148937,0.0,0.0
4625016015,0.179394,0.0,0.23606,0.0,0.481517
4625016016,0.087234,0.2,0.148937,0.0,0.0
4625016017,0.384432,0.4,0.345821,0.0,0.791909
4625016018,0.079248,0.316993,0.0,0.0,0.0
4625016019,0.233484,0.4,0.533934,0.0,0.0
4625016020,0.05,0.2,0.0,0.0,0.0
4625016021,0.392784,0.4,0.23606,0.0,0.935078
4625016022,0.1,0.4,0.0,0.0,0.0
4625016023,0.14276,0.4,0.148937,0.0,0.022105
4625016024,0.247506,0.316993,0.23606,0.0,0.436972
4625016025,0.097187,0.0,0.148937,0.239812,0.0
4625016026,0.10487,0.0,0.23606,0.0,0.183421
4625016027,0.284453,0.2,0.533934,0.0,0.403879
4625016028,0.382048,0.516993,0.297874,0.0,0.713327
4625016029,0.05,0.2,0.0,0.0,0.0
4625016030,0.226756,0.4,0.148937,0.0,0.358088
4625016031,0.379526,0.464386,0.715993,0.0,0.337726
4625016032,0.211814,0.2,0.148937,0.0,0.498318
4625016033,0.282882,0.2,0.345821,0.0,0.585705
4625017001,0.165953,0.316993,0.345821,0.0,0.000998
4625017002,0.197187,0.4,0.148937,0.239812,0.0
4625017003,0.113681,0.2,0.0,0.239812,0.014913
4625017006,0.025834,0.0,0.0,0.0,0.103334
4625017007,0.160981,0.2,0.148937,0.239812,0.055174
4625017008,0.064952,0.0,0.0,0.0,0.259809
4625018001,0.223283,0.316993,0.148937,0.0,0.4272
4625018002,0.074468,0.0,0.297874,0.0,0.0
4625018003,0.124469,0.2,0.297874,0.0,0.0
4625018004,0.429046,0.4,0.515238,0.380094,0.420851
4625018005,0.35723,0.2,0.446811,0.0,0.782111
4625018006,0.382437,0.316993,0.533934,0.0,0.678821
4625018007,0.246498,0.2,0.345821,0.239812,0.200357
4625018008,0.294076,0.316993,0.384997,0.0,0.474313
4625018009,0.0,0.0,0.0,0.0,0.0
4625018010,0.181523,0.0,0.148937,0.0,0.577154
4625019001,0.176436,0.316993,0.148937,0.239812,0.0
4625019002,0.05,0.2,0.0,0.0,0.0
4625019003,0.124469,0.2,0.297874,0.0,0.0
4625019004,0.206202,0.2,0.384997,0.239812,0.0
4625019005,0.060687,0.2,0.0,0.0,0.042747
4625019006,0.316734,0.464386,0.446811,0.239812,0.115925
4625019007,0.257695,0.464386,0.551133,0.0,0.015261
4625019008,0.285001,0.316993,0.551133,0.239812,0.032066
4625019009,0.320188,0.316993,0.723533,0.239812,0.000414
4625019011,0.256202,0.4,0.384997,0.239812,0.0
4625019012,0.207128,0.4,0.418119,0.0,0.010393
4625019013,0.137234,0.4,0.148937,0.0,0.0
4625019014,0.226098,0.4,0.297874,0.0,0.206517
4625019015,0.147664,0.2,0.23606,0.0,0.154597
4625019016,0.124716,0.2,0.297874,0.0,0.000991
