cod_ine,coddistrit,pct_65mas_norm,renta_pc_norm,suhi_ref_norm,ndvi_ref_norm,HVI,HVI_quintil
4625001001,01,0.445274,0.449344,0.757246,0.88336,0.633806,Q2 bajo
4625001002,01,0.339781,0.525004,0.795763,0.885222,0.636442,Q2 bajo
4625001003,01,0.41952,0.438146,0.70309,0.734488,0.573811,Q1 muy bajo
4625001005,01,0.582175,0.465094,0.768315,0.887714,0.675824,Q2 bajo
4625001007,01,0.446436,0.354577,0.797845,0.905753,0.626153,Q2 bajo
4625001008,01,0.411907,0.4212,0.710508,0.724915,0.567132,Q1 muy bajo
4625001009,01,0.560382,0.0,0.698987,0.513236,0.443151,Q1 muy bajo
4625001010,01,0.338735,0.630503,0.703487,0.473357,0.53652,Q1 muy bajo
4625001011,01,0.403556,0.666689,0.703748,0.660172,0.608541,Q1 muy bajo
4625001012,01,0.140383,0.648447,0.78842,0.754522,0.582943,Q1 muy bajo
4625001013,01,0.469821,0.610567,0.811785,0.847067,0.68481,Q3 medio
4625001014,01,0.271934,0.639409,0.76339,0.74966,0.606098,Q1 muy bajo
4625001017,01,0.626046,0.580528,0.768829,0.783118,0.68963,Q3 medio
4625001019,01,0.184548,0.674365,0.748443,0.844221,0.612894,Q1 muy bajo
4625001022,01,0.552877,0.595979,0.739251,0.807577,0.673921,Q2 bajo
4625001023,01,0.28485,0.591859,0.740717,0.88497,0.625599,Q2 bajo
4625001024,01,0.35726,0.634325,0.766116,0.872837,0.657634,Q2 bajo
4625001025,01,0.348569,0.550822,0.768212,0.889387,0.639248,Q2 bajo
4625001026,01,0.31528,0.510982,0.728126,0.911084,0.616368,Q1 muy bajo
4625001028,01,0.535517,0.415783,0.753875,0.876066,0.64531,Q2 bajo
4625001030,01,0.606671,0.085596,0.795269,0.840874,0.582102,Q1 muy bajo
4625001031,01,0.533903,0.227014,0.847911,0.939008,0.636959,Q2 bajo
4625001032,01,0.587131,0.370061,0.791235,0.901459,0.662472,Q2 bajo
4625001034,01,0.48326,0.468716,0.732599,0.770068,0.613661,Q1 muy bajo
4625002001,02,0.600392,0.47257,0.830752,0.921039,0.706188,Q3 medio
4625002003,02,0.512067,0.522213,0.869886,0.917964,0.705532,Q3 medio
4625002004,02,0.475491,0.574281,0.847082,0.798094,0.673737,Q2 bajo
4625002006,02,0.47486,0.582223,0.88999,0.87577,0.705711,Q3 medio
4625002008,02,0.443983,0.538561,0.846315,0.900925,0.682446,Q3 medio
4625002009,02,0.327094,0.555807,0.894963,0.91958,0.674361,Q2 bajo
4625002010,02,0.432727,0.608739,0.886873,0.916849,0.711297,Q4 alto
4625002013,02,0.352166,0.625719,0.867844,0.925203,0.692733,Q3 medio
4625002014,02,0.403826,0.45805,0.825334,0.899387,0.646649,Q2 bajo
4625002015,02,0.272177,0.616348,0.886641,0.904338,0.669876,Q2 bajo
4625002016,02,0.468134,0.469713,0.846822,0.869615,0.663571,Q2 bajo
4625002018,02,0.662523,0.608174,0.889312,0.883755,0.760941,Q5 muy alto
4625002019,02,0.342988,0.64097,0.898977,0.883335,0.691568,Q3 medio
4625002020,02,0.385048,0.605748,0.756417,0.632935,0.595037,Q1 muy bajo
4625002021,02,0.34703,0.585247,0.84961,0.919058,0.675236,Q2 bajo
4625002023,02,0.406819,0.593122,0.919767,0.86778,0.696872,Q3 medio
4625002024,02,0.419701,0.61482,0.899423,0.921693,0.713909,Q4 alto
4625002025,02,0.337922,0.678186,0.915116,0.860417,0.69791,Q3 medio
4625002026,02,0.329212,0.621266,0.894895,0.896707,0.68552,Q3 medio
4625002030,02,0.395922,0.673534,0.838547,0.905704,0.703427,Q3 medio
4625002031,02,0.303787,0.64735,0.844582,0.919864,0.678896,Q2 bajo
4625002032,02,0.604523,0.661106,0.821902,0.577915,0.666362,Q2 bajo
4625002033,02,0.581253,0.147865,0.803476,0.835704,0.592075,Q1 muy bajo
4625002035,02,0.577556,0.0,0.800195,0.868909,0.561665,Q1 muy bajo
4625002036,02,0.600758,0.0,0.847096,0.934623,0.595619,Q1 muy bajo
4625002037,02,0.530171,0.147898,0.824662,0.906673,0.602351,Q1 muy bajo
4625002039,02,0.604903,0.060076,0.747532,0.64329,0.51395,Q1 muy bajo
4625002041,02,0.590559,0.070909,0.693665,0.660637,0.503942,Q1 muy bajo
4625002042,02,0.589648,0.437747,0.833376,0.808896,0.667417,Q2 bajo
4625002043,02,0.61385,0.218275,0.76004,0.658772,0.562734,Q1 muy bajo
4625002044,02,0.56834,0.471175,0.807325,0.753288,0.650032,Q2 bajo
4625002045,02,0.521448,0.241801,0.737579,0.657627,0.539614,Q1 muy bajo
4625002046,02,0.569655,0.285097,0.721146,0.642565,0.554616,Q1 muy bajo
4625002047,02,0.524108,0.251736,0.764616,0.610199,0.537665,Q1 muy bajo
4625002050,02,0.525722,0.427679,0.825745,0.782524,0.640418,Q2 bajo
4625002051,02,0.504417,0.391992,0.864892,0.85859,0.654973,Q2 bajo
4625002053,02,0.453006,0.453697,0.868701,0.790469,0.641468,Q2 bajo
4625002054,02,0.520222,0.468649,0.885079,0.883724,0.689418,Q3 medio
4625002055,02,0.538455,0.401329,0.76587,0.797385,0.62576,Q2 bajo
4625002057,02,0.508928,0.450739,0.763616,0.69029,0.603393,Q1 muy bajo
4625003001,03,0.533979,0.55378,0.799729,0.868479,0.688992,Q3 medio
4625003002,03,0.407976,0.566838,0.802496,0.841555,0.654716,Q2 bajo
4625003004,03,0.35817,0.626782,0.777158,0.865668,0.656944,Q2 bajo
4625003007,03,0.476997,0.55152,0.581792,0.318885,0.482298,Q1 muy bajo
4625003008,03,0.343063,0.615351,0.652065,0.503693,0.528543,Q1 muy bajo
4625003010,03,0.359472,0.663732,0.876215,0.964426,0.715961,Q4 alto
4625003013,03,0.480137,0.545174,0.862043,0.94181,0.707291,Q3 medio
4625003015,03,0.439278,0.531517,0.782035,0.819953,0.643196,Q2 bajo
4625003017,03,0.440343,0.636518,0.844205,0.842178,0.690811,Q3 medio
4625003018,03,0.435031,0.601462,0.783652,0.61374,0.608471,Q1 muy bajo
4625003019,03,0.392618,0.550623,0.777391,0.779495,0.625032,Q2 bajo
4625003020,03,0.515544,0.530088,0.800886,0.82257,0.667272,Q2 bajo
4625003021,03,0.340832,0.677089,0.821594,0.783856,0.655843,Q2 bajo
4625003023,03,0.573484,0.547998,0.772069,0.626714,0.630066,Q2 bajo
4625003025,03,0.49699,0.64941,0.845541,0.648379,0.66008,Q2 bajo
4625003026,03,0.598109,0.585911,0.823402,0.872427,0.719962,Q4 alto
4625003027,03,0.576147,0.583884,0.799968,0.771271,0.682818,Q3 medio
4625003029,03,0.444549,0.637116,0.834609,0.929551,0.711456,Q4 alto
4625003030,03,0.423859,0.603024,0.821984,0.866311,0.678794,Q2 bajo
4625003032,03,0.491061,0.730852,0.866105,0.945186,0.758301,Q5 muy alto
4625003033,03,0.522415,0.536468,1.0,0.931743,0.747656,Q5 muy alto
4625003034,03,0.593458,0.443828,0.816682,0.768638,0.655652,Q2 bajo
4625003035,03,0.568892,0.510483,0.815997,0.788674,0.671012,Q2 bajo
4625003036,03,0.567065,0.564878,0.818408,0.77531,0.681415,Q3 medio
4625003037,03,0.534361,0.622628,0.842116,0.810085,0.702297,Q3 medio
4625003038,03,0.521399,0.449909,0.850685,0.847849,0.66746,Q2 bajo
4625003040,03,0.398156,0.531683,0.786885,0.655913,0.593159,Q1 muy bajo
4625003041,03,0.332408,0.616548,0.763102,0.729749,0.610452,Q1 muy bajo
4625003044,03,0.605385,0.515999,0.794345,0.734645,0.662594,Q2 bajo
4625003046,03,0.533941,0.628776,0.828957,0.833369,0.706261,Q3 medio
4625003047,03,0.591647,0.625918,0.843322,0.793976,0.713716,Q4 alto
4625003048,03,0.599729,0.519056,0.892168,0.855325,0.71657,Q4 alto
4625003049,03,0.493875,0.606845,0.83639,0.754974,0.673021,Q2 bajo
4625003050,03,0.596713,0.532181,0.870043,0.848815,0.711938,Q4 alto
4625003052,03,0.508812,0.63253,0.805757,0.811451,0.689638,Q3 medio
4625003053,03,0.444975,0.650806,0.836766,0.859588,0.698034,Q3 medio
4625003055,03,0.797308,0.427945,0.842959,0.857157,0.731342,Q4 alto
4625004001,04,0.64048,0.583486,0.806195,0.669784,0.674986,Q2 bajo
4625004002,04,0.53438,0.782954,0.879215,0.918913,0.778866,Q5 muy alto
4625004003,04,0.526676,0.666921,0.872057,0.734123,0.699944,Q3 medio
4625004004,04,0.691314,0.741685,0.876955,0.837977,0.786983,Q5 muy alto
4625004005,04,0.842888,0.559661,0.829272,0.694013,0.731458,Q4 alto
4625004006,04,0.767596,0.59166,0.783364,0.541235,0.670964,Q2 bajo
4625004007,04,0.646319,0.698555,0.832177,0.652548,0.7074,Q3 medio
4625004008,04,0.628515,0.693437,0.721852,0.56431,0.652028,Q2 bajo
4625004009,04,0.509496,0.801794,0.773822,0.716025,0.700284,Q3 medio
4625004010,04,0.603008,0.676558,0.871735,0.873265,0.756142,Q5 muy alto
4625004011,04,0.524051,0.801462,0.863214,0.771875,0.74015,Q5 muy alto
4625004012,04,0.40188,0.864961,0.859186,0.876821,0.750712,Q5 muy alto
4625004014,04,0.454997,0.803389,0.888654,0.89924,0.76157,Q5 muy alto
4625004015,04,0.556359,0.823326,0.846753,0.835664,0.765526,Q5 muy alto
4625004016,04,0.48018,0.851337,0.909067,0.904558,0.786286,Q5 muy alto
4625004017,04,0.737037,0.667021,0.847884,0.697604,0.737386,Q5 muy alto
4625004018,04,0.284683,0.597109,0.951852,0.567639,0.600321,Q1 muy bajo
4625004019,04,0.153361,0.570959,0.750772,0.541414,0.504127,Q1 muy bajo
4625004020,04,0.709404,0.596378,0.787789,0.672919,0.691622,Q3 medio
4625004021,04,0.57802,0.633793,0.709673,0.495964,0.604362,Q1 muy bajo
4625004022,04,0.665326,0.693604,0.859577,0.780693,0.7498,Q5 muy alto
4625004023,04,0.734946,0.717927,0.73138,0.447419,0.657918,Q2 bajo
4625004024,04,0.222787,0.547765,0.793386,0.69724,0.565294,Q1 muy bajo
4625004025,04,0.373264,0.612826,0.728044,0.396762,0.527724,Q1 muy bajo
4625004026,04,0.141398,0.53258,0.706323,0.464222,0.461131,Q1 muy bajo
4625004027,04,0.192519,0.572886,0.753608,0.626755,0.536442,Q1 muy bajo
4625004028,04,0.375988,0.547965,0.907937,0.684249,0.629035,Q2 bajo
4625004029,04,0.251923,0.557634,0.761294,0.620087,0.547734,Q1 muy bajo
4625004030,04,0.082377,0.492407,0.764493,0.636356,0.493908,Q1 muy bajo
4625005001,05,0.688824,0.647616,0.755595,0.649359,0.685348,Q3 medio
4625005002,05,0.445228,0.833361,0.68428,0.626849,0.64743,Q2 bajo
4625005003,05,0.46382,0.848879,0.762006,0.809539,0.721061,Q4 alto
4625005004,05,0.484122,0.808739,0.802948,0.803165,0.724744,Q4 alto
4625005005,05,0.475653,0.8209,0.773377,0.664328,0.683564,Q3 medio
4625005006,05,0.652744,0.739591,0.845555,0.882064,0.779988,Q5 muy alto
4625005007,05,0.52964,0.732181,0.811223,0.764401,0.709361,Q3 medio
4625005008,05,0.652913,0.706097,0.752142,0.811235,0.730597,Q4 alto
4625005009,05,0.548102,0.854959,0.646722,0.497091,0.636719,Q2 bajo
4625005010,05,0.662919,0.622628,0.676053,0.561798,0.63085,Q2 bajo
4625005011,05,0.398581,0.706496,0.780015,0.591026,0.61903,Q1 muy bajo
4625005013,05,0.517982,0.69892,0.737333,0.862148,0.704096,Q3 medio
4625005014,05,0.325712,0.795016,0.728654,0.788611,0.659498,Q2 bajo
4625005015,05,0.363792,0.732979,0.694377,0.721155,0.628076,Q2 bajo
4625005016,05,0.444061,0.712577,0.733058,0.845752,0.683862,Q3 medio
4625005017,05,1.0,0.682771,0.70894,0.636363,0.757018,Q5 muy alto
4625005018,05,0.521098,0.718192,0.681191,0.716125,0.659152,Q2 bajo
4625005021,05,0.408717,0.748164,0.776555,0.83035,0.690946,Q3 medio
4625005022,05,0.533044,0.717727,0.708029,0.72084,0.66991,Q2 bajo
4625005025,05,0.520941,0.655491,0.569393,0.360381,0.526552,Q1 muy bajo
4625005027,05,0.531481,0.670377,0.736716,0.799337,0.684478,Q3 medio
4625005028,05,0.548126,0.52949,0.728962,0.630484,0.609266,Q1 muy bajo
4625005029,05,0.470322,0.820136,0.733778,0.736267,0.690126,Q3 medio
4625005031,05,0.192926,0.811264,0.828855,0.801593,0.65866,Q2 bajo
4625005033,05,0.451674,0.768068,0.867653,0.87603,0.740856,Q5 muy alto
4625005034,05,0.308247,0.902542,0.756745,0.75511,0.680661,Q3 medio
4625005036,05,0.427788,0.844725,0.831012,0.688586,0.698028,Q3 medio
4625005037,05,0.471705,0.686626,0.749067,0.850016,0.689354,Q3 medio
4625005038,05,0.500687,0.650673,0.77026,0.818951,0.685143,Q3 medio
4625005039,05,0.528417,0.713673,0.764068,0.78754,0.698424,Q3 medio
4625005040,05,0.507739,0.666124,0.758177,0.843615,0.693914,Q3 medio
4625005041,05,0.390319,0.623226,0.761664,0.899322,0.668633,Q2 bajo
4625005042,05,0.453873,0.725436,0.844027,0.890943,0.72857,Q4 alto
4625005043,05,0.330131,0.708922,0.82458,0.915009,0.69466,Q3 medio
4625005044,05,0.512251,0.725735,0.744443,0.867459,0.712472,Q4 alto
4625006001,06,0.532615,0.316631,0.629077,0.442923,0.480312,Q1 muy bajo
4625006002,06,0.631519,0.388702,0.705871,0.660816,0.596727,Q1 muy bajo
4625006003,06,0.399956,0.394252,0.762979,0.801595,0.589695,Q1 muy bajo
4625006004,06,0.491829,0.500847,0.658456,0.526842,0.544494,Q1 muy bajo
4625006006,06,0.684766,0.0,0.546172,0.386413,0.404338,Q1 muy bajo
4625006007,06,0.417423,0.341552,0.724112,0.669643,0.538182,Q1 muy bajo
4625006008,06,0.593892,0.467254,0.697048,0.659648,0.604461,Q1 muy bajo
4625006009,06,0.435387,0.742914,0.805044,0.914919,0.724566,Q4 alto
4625006011,06,0.319643,0.777338,0.783186,0.815196,0.673841,Q2 bajo
4625006012,06,0.475795,0.478053,0.652681,0.587981,0.548628,Q1 muy bajo
4625006013,06,0.447042,0.542947,0.764808,0.791755,0.636638,Q2 bajo
4625006014,06,0.473456,0.454029,0.772048,0.687506,0.59676,Q1 muy bajo
4625006015,06,0.455735,0.488154,0.748964,0.732222,0.606269,Q1 muy bajo
4625006016,06,0.537126,0.38013,0.756766,0.891706,0.641432,Q2 bajo
4625006017,06,0.555674,0.389001,0.792598,0.785898,0.630793,Q2 bajo
4625006018,06,0.597996,0.174614,0.57477,0.516059,0.46586,Q1 muy bajo
4625006019,06,0.467501,0.397009,0.718276,0.811902,0.598672,Q1 muy bajo
4625006021,06,0.587707,0.357501,0.765424,0.773466,0.621024,Q1 muy bajo
4625006022,06,0.585999,0.447583,0.794482,0.808257,0.65908,Q2 bajo
4625006023,06,0.564174,0.524506,0.750491,0.630617,0.617447,Q1 muy bajo
4625006024,06,0.507244,0.517727,0.743888,0.634492,0.600838,Q1 muy bajo
4625006026,06,0.504428,0.509553,0.696459,0.662107,0.593137,Q1 muy bajo
4625006027,06,0.473149,0.535837,0.711741,0.708994,0.60743,Q1 muy bajo
4625007001,07,0.487469,0.76521,0.877715,0.915106,0.761375,Q5 muy alto
4625007002,07,0.387474,0.810267,0.893799,0.936924,0.757116,Q5 muy alto
4625007003,07,0.498984,0.675793,0.757752,0.478736,0.602816,Q1 muy bajo
4625007004,07,0.471217,0.869347,0.88262,0.863376,0.77164,Q5 muy alto
4625007005,07,0.309373,0.781093,0.863056,0.808847,0.690592,Q3 medio
4625007006,07,0.388344,0.843761,0.873434,0.946464,0.763001,Q5 muy alto
4625007007,07,0.506309,0.757235,0.917438,0.950584,0.782892,Q5 muy alto
4625007008,07,0.528214,0.704901,0.835369,0.953643,0.755532,Q5 muy alto
4625007009,07,0.465744,0.783519,0.868721,0.932402,0.762596,Q5 muy alto
4625007010,07,0.423398,0.799934,0.746957,0.58154,0.637957,Q2 bajo
4625007012,07,0.385956,0.775876,0.835033,0.841384,0.709562,Q4 alto
4625007013,07,0.379683,0.724074,0.830738,0.879373,0.703467,Q3 medio
4625007014,07,0.471955,0.846553,0.820505,0.897818,0.759208,Q5 muy alto
4625007015,07,0.322057,0.809271,0.82519,0.903403,0.71498,Q4 alto
4625007016,07,0.548665,0.747267,0.867769,0.873367,0.759267,Q5 muy alto
4625007017,07,0.454849,0.752384,0.867413,0.88506,0.739926,Q5 muy alto
4625007018,07,0.539039,0.76202,0.909958,0.859407,0.767606,Q5 muy alto
4625007019,07,0.422579,0.709487,0.860364,0.815351,0.701945,Q3 medio
4625007020,07,0.533194,0.669978,0.861584,0.861318,0.731518,Q4 alto
4625007021,07,0.457961,0.765277,0.864488,0.7259,0.703406,Q3 medio
4625007022,07,0.537439,0.764014,0.805757,0.671642,0.694713,Q3 medio
4625007023,07,0.640215,0.799934,0.844212,0.626944,0.727826,Q4 alto
4625007024,07,0.313361,0.816647,0.836938,0.824004,0.697738,Q3 medio
4625007025,07,0.539977,0.835953,0.771466,0.572752,0.680037,Q3 medio
4625007026,07,0.242777,0.910749,0.831074,0.650197,0.658699,Q2 bajo
4625007027,07,0.264745,0.925935,0.832739,0.693703,0.67928,Q3 medio
4625007030,07,0.258937,0.907593,0.826697,0.648547,0.660444,Q2 bajo
4625007031,07,0.590944,0.8525,0.849836,0.808175,0.775364,Q5 muy alto
4625007032,07,0.930323,0.667586,0.793893,0.557061,0.737216,Q4 alto
4625007036,07,0.345836,0.911148,0.735559,0.566791,0.639834,Q2 bajo
4625007037,07,0.325272,0.920253,0.810956,0.641341,0.674456,Q2 bajo
4625007039,07,0.587885,0.723775,0.782159,0.676578,0.692599,Q3 medio
4625007040,07,0.611028,0.754876,0.727339,0.622584,0.678957,Q3 medio
4625007041,07,0.516357,0.794551,0.924877,0.85888,0.773666,Q5 muy alto
4625007042,07,0.386183,0.726732,0.801989,0.637969,0.638218,Q2 bajo
4625008001,08,0.456967,0.734175,0.780268,0.855679,0.706772,Q3 medio
4625008002,08,0.668694,0.662735,0.867454,0.928025,0.781727,Q5 muy alto
4625008003,08,0.525646,0.646852,0.846493,0.801013,0.705001,Q3 medio
4625008004,08,0.440453,0.697026,0.794406,0.856066,0.696988,Q3 medio
4625008006,08,0.635648,0.60525,0.809154,0.869641,0.729923,Q4 alto
4625008007,08,0.536703,0.611497,0.926418,0.83356,0.727044,Q4 alto
4625008008,08,0.511838,0.710915,0.850398,0.853649,0.7317,Q4 alto
4625008009,08,0.427599,0.680545,0.837801,0.782166,0.682028,Q3 medio
4625008010,08,0.259196,0.742416,0.843164,0.817456,0.665558,Q2 bajo
4625008012,08,0.61126,0.742615,0.74345,0.558482,0.663952,Q2 bajo
4625008013,08,0.528627,0.646553,0.825437,0.816152,0.704192,Q3 medio
4625008014,08,0.581623,0.689915,0.819785,0.805553,0.724219,Q4 alto
4625008015,08,0.469449,0.73052,0.865159,0.828143,0.723318,Q4 alto
4625008016,08,0.291089,0.76933,0.817497,0.716435,0.648588,Q2 bajo
4625008017,08,0.49634,0.788769,0.813661,0.810289,0.727265,Q4 alto
4625008018,08,0.431299,0.649443,0.804777,0.707806,0.648331,Q2 bajo
4625008019,08,0.303582,0.657285,0.744148,0.660835,0.591462,Q1 muy bajo
4625008020,08,0.281525,0.724572,0.815764,0.79195,0.653453,Q2 bajo
4625008021,08,0.413761,0.799003,0.837225,0.689769,0.68494,Q3 medio
4625008022,08,0.617504,0.726931,0.852884,0.788975,0.746574,Q5 muy alto
4625008023,08,0.564061,0.780694,0.768657,0.86041,0.743456,Q5 muy alto
4625008024,08,0.416044,0.670709,0.901601,0.807783,0.699034,Q3 medio
4625008025,08,0.553201,0.806779,0.761246,0.51292,0.658537,Q2 bajo
4625008026,08,0.734229,0.730454,0.86594,0.785227,0.778962,Q5 muy alto
4625008027,08,0.310187,0.653796,0.775583,0.650798,0.597591,Q1 muy bajo
4625008028,08,0.684995,0.699485,0.747053,0.60123,0.683191,Q3 medio
4625008029,08,0.316927,0.659345,0.705529,0.64476,0.58164,Q1 muy bajo
4625008030,08,0.417682,0.676358,0.754971,0.675466,0.631119,Q2 bajo
4625008031,08,0.357685,0.715468,0.862001,0.836978,0.693033,Q3 medio
4625008032,08,0.365155,0.782289,0.889387,0.645786,0.670654,Q2 bajo
4625008033,08,0.659758,0.618408,0.898779,0.954292,0.782809,Q5 muy alto
4625008034,08,0.414047,0.74308,0.751834,0.726111,0.658768,Q2 bajo
4625008035,08,0.275801,0.759495,0.720071,0.596964,0.588083,Q1 muy bajo
4625008036,08,0.883563,0.690181,0.806736,0.775767,0.789062,Q5 muy alto
4625008037,08,0.733833,0.68955,0.786221,0.69017,0.724944,Q4 alto
4625008038,08,0.576934,0.646885,0.728955,0.504839,0.614403,Q1 muy bajo
4625008039,08,0.547671,0.800997,0.884675,0.74379,0.744283,Q5 muy alto
4625008040,08,0.446225,0.705433,0.871927,0.834355,0.714485,Q4 alto
4625008041,08,0.630867,0.731583,0.795153,0.753415,0.727754,Q4 alto
4625008042,08,0.208625,0.664762,0.735538,0.706145,0.578768,Q1 muy bajo
4625009001,09,0.553155,0.657551,0.852994,0.7672,0.707725,Q3 medio
4625009002,09,0.702322,0.651337,0.888298,0.914995,0.789238,Q5 muy alto
4625009003,09,0.489005,0.693437,0.901258,0.890391,0.743523,Q5 muy alto
4625009004,09,0.519214,0.785313,0.863502,0.922988,0.772754,Q5 muy alto
4625009005,09,0.266186,0.787274,0.881668,0.945955,0.720271,Q4 alto
4625009007,09,0.405564,0.832198,0.912205,0.947987,0.774488,Q5 muy alto
4625009008,09,0.430811,0.78837,0.904197,0.981301,0.77617,Q5 muy alto
4625009009,09,0.299704,0.737066,0.884846,0.934446,0.714016,Q4 alto
4625009010,09,0.393731,0.769762,0.935905,0.849874,0.737318,Q4 alto
4625009012,09,0.391958,0.801097,0.882825,0.842218,0.729524,Q4 alto
4625009013,09,0.406687,0.856189,0.993828,0.92569,0.795598,Q5 muy alto
4625009015,09,0.195087,0.76408,0.94642,0.922478,0.707016,Q3 medio
4625009016,09,0.536525,0.79691,0.977731,0.858345,0.792378,Q5 muy alto
4625009017,09,0.464378,0.791361,0.810141,0.489453,0.638833,Q2 bajo
4625009018,09,0.274931,0.803522,0.877722,0.787747,0.68598,Q3 medio
4625009019,09,0.514342,0.794085,0.907218,0.838265,0.763478,Q5 muy alto
4625009020,09,0.530039,0.745572,0.880757,0.795714,0.73802,Q5 muy alto
4625009021,09,0.497534,0.712078,0.923301,0.742827,0.718935,Q4 alto
4625009022,09,0.705659,0.800797,0.950879,0.88639,0.835931,Q5 muy alto
4625009023,09,0.760242,0.767935,0.997931,0.886793,0.853225,Q5 muy alto
4625009024,09,0.482918,0.773118,0.91252,0.779761,0.737079,Q4 alto
4625009025,09,0.394092,0.722512,0.86246,0.802509,0.695393,Q3 medio
4625009026,09,0.361097,0.83582,0.91354,0.779914,0.722593,Q4 alto
4625009028,09,0.604884,0.702442,0.878743,0.780034,0.741526,Q5 muy alto
4625009029,09,0.515177,0.739159,0.942741,0.513607,0.677671,Q2 bajo
4625009030,09,0.502579,0.803489,0.854946,0.695353,0.714092,Q4 alto
4625009031,09,0.290547,0.738594,0.778597,0.611968,0.604926,Q1 muy bajo
4625009032,09,0.309122,0.862137,0.829142,0.826452,0.706713,Q3 medio
4625009033,09,0.390726,0.867785,0.827471,0.73816,0.706036,Q3 medio
4625009034,09,0.454868,0.877322,0.8009,0.669947,0.700759,Q3 medio
4625009035,09,0.784662,0.766872,0.789591,0.539459,0.720146,Q4 alto
4625009036,09,0.81722,0.75378,0.769288,0.687591,0.75697,Q5 muy alto
4625009037,09,0.577645,0.850075,0.802537,0.693701,0.73099,Q4 alto
4625009038,09,0.162151,0.782024,0.794667,0.689992,0.607208,Q1 muy bajo
4625009039,09,0.370914,0.809337,0.789461,0.595444,0.641289,Q2 bajo
4625009040,09,0.817301,0.772853,0.802544,0.672798,0.766374,Q5 muy alto
4625009041,09,0.397867,0.700947,0.929035,0.91441,0.735565,Q4 alto
4625009042,09,0.4236,0.725669,0.834335,0.662017,0.661405,Q2 bajo
4625010001,10,0.549757,0.586941,0.844767,0.767581,0.687262,Q3 medio
4625010002,10,0.415704,0.735139,0.86218,0.810789,0.705953,Q3 medio
4625010003,10,0.311965,0.778967,0.877099,0.921901,0.722483,Q4 alto
4625010004,10,0.459045,0.767802,0.841246,0.787403,0.713874,Q4 alto
4625010005,10,0.694303,0.71909,0.83093,0.648936,0.723315,Q4 alto
4625010006,10,0.357642,0.824389,0.881072,0.908693,0.742949,Q5 muy alto
4625010007,10,0.395507,0.809437,0.885887,0.903781,0.748653,Q5 muy alto
4625010008,10,0.521725,0.836883,0.844925,0.851279,0.763703,Q5 muy alto
4625010009,10,0.461095,0.822662,0.885312,0.912117,0.770296,Q5 muy alto
4625010010,10,0.579879,0.666822,0.824704,0.648623,0.680007,Q3 medio
4625010011,10,0.685701,0.687423,0.841904,0.824192,0.759805,Q5 muy alto
4625010012,10,0.65311,0.710218,0.878688,0.87235,0.778592,Q5 muy alto
4625010013,10,0.2054,0.741618,0.909095,0.856379,0.678123,Q2 bajo
4625010014,10,0.438006,0.716398,0.851083,0.803772,0.702315,Q3 medio
4625010015,10,0.464609,0.812062,0.852117,0.890937,0.754931,Q5 muy alto
4625010016,10,0.500146,0.763781,0.881763,0.865935,0.752906,Q5 muy alto
4625010017,10,0.446004,0.793155,0.875057,0.820198,0.733604,Q4 alto
4625010018,10,0.389637,0.738329,0.860981,0.759812,0.68719,Q3 medio
4625010019,10,0.465081,0.774547,0.873845,0.796223,0.727424,Q4 alto
4625010021,10,0.378028,0.835621,0.867653,0.830459,0.72794,Q4 alto
4625010022,10,0.490638,0.691444,0.910026,0.802727,0.723709,Q4 alto
4625010023,10,0.679999,0.65888,0.877229,0.785955,0.750516,Q5 muy alto
4625010024,10,0.522216,0.778867,0.857063,0.801403,0.739887,Q5 muy alto
4625010025,10,0.324119,0.707792,0.858261,0.775863,0.666509,Q2 bajo
4625010026,10,0.611284,0.711447,0.980334,0.870953,0.793504,Q5 muy alto
4625010027,10,0.682898,0.70623,0.831684,0.689932,0.727686,Q4 alto
4625010028,10,0.56831,0.764845,0.873037,0.65328,0.714868,Q4 alto
4625010029,10,0.398344,0.794085,0.833458,0.679404,0.676323,Q2 bajo
4625010030,10,0.327797,0.805782,0.78957,0.729397,0.663136,Q2 bajo
4625010031,10,0.496082,0.832896,0.815538,0.710288,0.713701,Q4 alto
4625010032,10,0.474276,0.804087,0.829416,0.691646,0.699856,Q3 medio
4625010033,10,0.387336,0.910517,0.830642,0.765756,0.723563,Q4 alto
4625010034,10,0.443566,0.898754,0.847219,0.644211,0.708438,Q3 medio
4625010035,10,0.435409,0.891344,0.770507,0.389656,0.621729,Q1 muy bajo
4625010036,10,0.490172,0.903971,0.781433,0.460789,0.659091,Q2 bajo
4625010037,10,0.537309,0.872304,0.756602,0.475283,0.660375,Q2 bajo
4625010039,10,0.135863,0.584748,0.757451,0.6858,0.540966,Q1 muy bajo
4625010040,10,0.349318,0.525602,0.671964,0.878359,0.606311,Q1 muy bajo
4625010041,10,0.614143,0.780096,0.762801,0.61045,0.691872,Q3 medio
4625010043,10,0.678457,0.682306,0.790646,0.732484,0.720973,Q4 alto
4625010044,10,0.456778,0.775611,0.801599,0.713429,0.686854,Q3 medio
4625010045,10,0.681316,0.656621,0.844068,0.747928,0.732483,Q4 alto
4625010046,10,0.641981,0.668616,0.860871,0.868948,0.760104,Q5 muy alto
4625010047,10,0.534216,0.709088,0.899128,0.790813,0.733311,Q4 alto
4625010048,10,0.389392,0.717727,0.804414,0.721627,0.65829,Q2 bajo
4625010049,10,0.390527,0.761921,0.865241,0.831917,0.712401,Q4 alto
4625010050,10,0.468272,0.763615,0.858001,0.762661,0.713137,Q4 alto
4625010051,10,0.313361,0.734142,0.756595,0.45773,0.565457,Q1 muy bajo
4625010052,10,0.3031,0.543612,0.733079,0.724005,0.575949,Q1 muy bajo
4625010053,10,0.25762,0.606513,0.70161,0.613633,0.544844,Q1 muy bajo
4625010054,10,0.23605,0.698056,0.753779,0.581715,0.5674,Q1 muy bajo
4625010055,10,0.009858,0.456156,0.885736,0.766711,0.529615,Q1 muy bajo
4625011001,11,0.282385,0.81884,0.83617,0.912744,0.712535,Q4 alto
4625011002,11,0.184176,0.859545,0.858145,0.861772,0.69091,Q3 medio
4625011004,11,0.423322,0.69696,0.851596,0.900393,0.718068,Q4 alto
4625011005,11,0.340881,0.746835,0.802784,0.955474,0.711494,Q4 alto
4625011006,11,0.459438,0.664429,0.756485,1.0,0.720088,Q4 alto
4625011008,11,0.359216,0.807676,0.790495,0.942724,0.725028,Q4 alto
4625011009,11,0.282113,0.673235,0.77372,0.91681,0.66147,Q2 bajo
4625011011,11,0.424548,0.713972,0.756992,0.900304,0.698954,Q3 medio
4625011012,11,0.506834,0.783818,0.800003,0.776589,0.716811,Q4 alto
4625011015,11,0.636478,0.679415,0.747279,0.926186,0.747339,Q5 muy alto
4625011017,11,0.376546,0.820169,0.836054,0.937873,0.74266,Q5 muy alto
4625011019,11,0.643689,0.73042,0.833239,0.839644,0.761748,Q5 muy alto
4625011021,11,0.403645,0.753182,0.806873,0.936587,0.725072,Q4 alto
4625011022,11,0.31109,0.791793,0.816902,0.920423,0.710052,Q4 alto
4625011024,11,0.343608,0.830038,0.801907,0.855781,0.707834,Q3 medio
4625011026,11,0.483327,0.795581,0.814545,0.91351,0.751741,Q5 muy alto
4625011028,11,0.460602,0.759761,0.79142,0.892579,0.726091,Q4 alto
4625011030,11,0.454776,0.771823,0.77724,0.939535,0.735844,Q4 alto
4625011031,11,0.440062,0.738063,0.75917,0.813003,0.687575,Q3 medio
4625011032,11,0.255132,0.907094,0.855487,0.725028,0.685685,Q3 medio
4625011033,11,0.640137,0.715202,0.731723,0.691104,0.694542,Q3 medio
4625011034,11,0.602599,0.725536,0.756999,0.803876,0.722252,Q4 alto
4625011035,11,0.591394,0.78847,0.773377,0.797023,0.737566,Q5 muy alto
4625011036,11,0.37438,0.861804,0.806586,0.952037,0.748702,Q5 muy alto
4625011037,11,0.37117,0.869247,0.781946,0.920582,0.735736,Q4 alto
4625011038,11,0.524679,0.686061,0.773514,0.828534,0.703197,Q3 medio
4625011039,11,0.521911,0.807576,0.767493,0.906039,0.750755,Q5 muy alto
4625011040,11,0.460713,0.64097,0.73849,0.825748,0.66648,Q2 bajo
4625011041,11,0.41973,0.72949,0.732072,0.880663,0.690489,Q3 medio
4625011042,11,0.360466,0.924007,0.741984,0.764892,0.697837,Q3 medio
4625011044,11,0.350905,0.870543,0.821313,0.742268,0.696257,Q3 medio
4625011045,11,0.319573,0.911879,0.830197,0.753195,0.703711,Q3 medio
4625011046,11,0.40247,0.861306,0.772795,0.847142,0.720928,Q4 alto
4625011047,11,0.383706,0.870344,0.757383,0.791878,0.700828,Q3 medio
4625011048,11,0.395253,0.87267,0.756684,0.781159,0.701442,Q3 medio
4625011050,11,0.79339,0.773683,0.717879,0.871579,0.789133,Q5 muy alto
4625011051,11,0.610891,0.659412,0.670217,0.63068,0.6428,Q2 bajo
4625011052,11,0.407243,0.620701,0.737881,0.829956,0.648945,Q2 bajo
4625011053,11,0.33122,0.765808,0.766178,0.671115,0.63358,Q2 bajo
4625011054,11,0.281603,0.759894,0.795091,0.809449,0.661509,Q2 bajo
4625011055,11,0.47175,0.732746,0.785358,0.80526,0.698778,Q3 medio
4625012001,12,0.443056,0.803422,0.837075,0.820797,0.726088,Q4 alto
4625012002,12,0.414826,0.74617,0.796804,0.851441,0.70231,Q3 medio
4625012003,12,0.483279,0.795248,0.825806,0.850297,0.738658,Q5 muy alto
4625012006,12,0.477307,0.812992,0.861727,0.869522,0.755387,Q5 muy alto
4625012008,12,0.518443,0.708955,0.813011,0.910612,0.737755,Q5 muy alto
4625012009,12,0.644021,0.780861,0.796913,0.874203,0.774,Q5 muy alto
4625012010,12,0.615364,0.792922,0.667039,0.501313,0.64416,Q2 bajo
4625012011,12,0.341692,0.785014,0.760095,0.725444,0.653061,Q2 bajo
4625012012,12,0.374447,0.778701,0.790296,0.800669,0.686028,Q3 medio
4625012013,12,0.374821,0.727829,0.863488,0.944791,0.727732,Q4 alto
4625012014,12,0.257218,0.789998,0.793146,0.854493,0.673714,Q2 bajo
4625012015,12,0.319934,0.829473,0.856364,0.917491,0.730816,Q4 alto
4625012016,12,0.154347,0.699983,0.803955,0.924423,0.645677,Q2 bajo
4625012018,12,0.39943,0.71055,0.824847,0.941132,0.71899,Q4 alto
4625012019,12,0.384865,0.700748,0.869934,0.90549,0.715259,Q4 alto
4625012020,12,0.567313,0.678751,0.900642,0.85451,0.750304,Q5 muy alto
4625012021,12,0.451804,0.74215,0.816737,0.810549,0.70531,Q3 medio
4625012023,12,0.584711,0.755042,0.805565,0.767253,0.728143,Q4 alto
4625012024,12,0.432606,0.706363,0.868769,0.817489,0.706307,Q3 medio
4625012025,12,0.27215,0.715368,0.740265,0.759392,0.621794,Q1 muy bajo
4625012026,12,0.479344,0.849178,0.718338,0.868745,0.728901,Q4 alto
4625012027,12,0.307646,0.899784,0.731209,0.90057,0.709802,Q4 alto
4625012028,12,0.565543,0.778069,0.833293,0.883691,0.765149,Q5 muy alto
4625012029,12,0.353061,0.848879,0.76724,0.860809,0.707497,Q3 medio
4625012030,12,0.4456,0.78827,0.838671,0.882037,0.738644,Q5 muy alto
4625012031,12,0.365082,0.780927,0.827101,0.888153,0.715316,Q4 alto
4625012032,12,0.442499,0.812128,0.796023,0.659461,0.677528,Q2 bajo
4625012033,12,0.531022,0.771723,0.808551,0.813047,0.731086,Q4 alto
4625012034,12,0.345906,0.723177,0.812703,0.857259,0.684761,Q3 medio
4625012035,12,0.459796,0.683037,0.79279,0.822096,0.68943,Q3 medio
4625012036,12,0.417283,1.0,0.809168,0.914166,0.785154,Q5 muy alto
4625012037,12,0.304396,0.435753,0.68178,0.539244,0.490293,Q1 muy bajo
4625012038,12,0.294676,0.657817,0.789659,0.815548,0.639425,Q2 bajo
4625012039,12,0.559008,0.722279,0.8206,0.883442,0.746332,Q5 muy alto
4625012040,12,0.259444,0.689915,0.737833,0.728481,0.603918,Q1 muy bajo
4625012041,12,0.234124,0.394418,0.616322,0.532092,0.444239,Q1 muy bajo
4625012042,12,0.169128,0.496827,0.716495,0.719772,0.525556,Q1 muy bajo
4625012043,12,0.671262,0.721781,0.792495,0.852334,0.759468,Q5 muy alto
4625012044,12,0.319637,0.529291,0.793516,0.714172,0.589154,Q1 muy bajo
4625012045,12,0.13437,0.509487,0.658449,0.693446,0.498938,Q1 muy bajo
4625012046,12,0.180265,0.473833,0.60765,0.472096,0.433461,Q1 muy bajo
4625012047,12,0.459182,0.688952,0.791749,0.775434,0.678829,Q2 bajo
4625012048,12,0.202514,0.472836,0.674423,0.664201,0.503494,Q1 muy bajo
4625013001,13,0.479978,0.722479,0.786015,0.774321,0.690698,Q3 medio
4625013002,13,0.662286,0.687789,0.803633,0.891044,0.761188,Q5 muy alto
4625013003,13,0.597942,0.707692,0.727572,0.707207,0.685103,Q3 medio
4625013004,13,0.458465,0.810733,0.652558,0.67295,0.648676,Q2 bajo
4625013005,13,0.477183,0.649643,0.720503,0.735236,0.645641,Q2 bajo
4625013007,13,0.575945,0.75893,0.815621,0.838766,0.747316,Q5 muy alto
4625013008,13,0.685593,0.703738,0.764274,0.73151,0.721279,Q4 alto
4625013009,13,0.58829,0.842731,0.788461,0.713113,0.733149,Q4 alto
4625013010,13,0.750726,0.598638,0.757369,0.81468,0.730353,Q4 alto
4625013011,13,0.809001,0.620801,0.703665,0.642043,0.693878,Q3 medio
4625013012,13,0.610478,0.612361,0.714029,0.668244,0.651278,Q2 bajo
4625013013,13,0.69734,0.52331,0.715694,0.666751,0.650774,Q2 bajo
4625013014,13,0.556402,0.585147,0.636618,0.627632,0.60145,Q1 muy bajo
4625013015,13,0.618226,0.653929,0.678848,0.620296,0.642825,Q2 bajo
4625013016,13,0.198577,0.898222,0.79331,0.895708,0.696454,Q3 medio
4625013017,13,0.535892,0.738129,0.752416,0.847824,0.718565,Q4 alto
4625013019,13,0.643212,0.705333,0.83217,0.918954,0.774917,Q5 muy alto
4625013020,13,0.641207,0.664296,0.767061,0.767433,0.709999,Q4 alto
4625013021,13,0.820527,0.565343,0.73349,0.716551,0.708978,Q3 medio
4625013022,13,0.557108,0.536933,0.767651,0.770723,0.658104,Q2 bajo
4625013023,13,0.501024,0.514039,0.733367,0.714627,0.615764,Q1 muy bajo
4625013024,13,0.552117,0.592025,0.77485,0.763004,0.670499,Q2 bajo
4625013025,13,0.541794,0.48513,0.760109,0.625948,0.603245,Q1 muy bajo
4625013026,13,0.616084,0.508191,0.746971,0.717727,0.647243,Q2 bajo
4625013027,13,0.507516,0.530952,0.653284,0.684753,0.594126,Q1 muy bajo
4625013028,13,0.508896,0.549327,0.727298,0.701588,0.621777,Q1 muy bajo
4625013029,13,0.840695,0.666855,0.763952,0.698597,0.742525,Q5 muy alto
4625013030,13,0.584231,0.702044,0.754567,0.760085,0.700232,Q3 medio
4625014001,14,0.640046,0.464496,0.722523,0.659654,0.62168,Q1 muy bajo
4625014002,14,0.560272,0.61482,0.824601,0.87765,0.719336,Q4 alto
4625014004,14,0.660149,0.648579,0.754403,0.73248,0.698903,Q3 medio
4625014005,14,0.458333,0.728028,0.755766,0.654979,0.649276,Q2 bajo
4625014006,14,0.419488,0.812195,0.863645,0.95135,0.76167,Q5 muy alto
4625014007,14,0.354441,0.789533,0.838924,0.909204,0.723026,Q4 alto
4625014008,14,0.401559,0.711248,0.831992,0.880702,0.706375,Q3 medio
4625014009,14,0.448063,0.724506,0.819272,0.865588,0.714357,Q4 alto
4625014010,14,0.527805,0.742848,0.803503,0.842018,0.729044,Q4 alto
4625014012,14,0.390492,0.741718,0.871756,0.842695,0.711665,Q4 alto
4625014013,14,0.438529,0.774813,0.807243,0.886217,0.7267,Q4 alto
4625014014,14,0.561784,0.656089,0.871317,0.825997,0.728797,Q4 alto
4625014015,14,0.4004,0.661406,0.785323,0.841169,0.672074,Q2 bajo
4625014016,14,0.461109,0.768799,0.850322,0.887883,0.742028,Q5 muy alto
4625014018,14,0.694737,0.683037,0.760677,0.809949,0.7371,Q4 alto
4625014019,14,0.402225,0.668184,0.769849,0.654598,0.623714,Q1 muy bajo
4625014020,14,0.514053,0.564845,0.749067,0.455873,0.57096,Q1 muy bajo
4625014021,14,0.488243,0.334773,0.750827,0.742404,0.579062,Q1 muy bajo
4625014022,14,0.554144,0.7157,0.796338,0.842188,0.727092,Q4 alto
4625014023,14,0.554254,0.668383,0.734264,0.738327,0.673807,Q2 bajo
4625014024,14,0.495203,0.53464,0.679122,0.666558,0.593881,Q1 muy bajo
4625015001,15,0.293425,0.951487,0.846918,0.920169,0.753,Q5 muy alto
4625015002,15,0.351239,0.766606,0.844411,0.900038,0.715574,Q4 alto
4625015003,15,0.501011,0.790729,0.779939,0.751489,0.705792,Q3 medio
4625015004,15,0.449823,0.775411,0.796667,0.828767,0.712667,Q4 alto
4625015005,15,0.231399,0.935105,0.84761,0.917958,0.733018,Q4 alto
4625015006,15,0.367669,0.891643,0.832629,0.851058,0.73575,Q4 alto
4625015007,15,0.234296,0.942648,0.89495,0.924509,0.749101,Q5 muy alto
4625015008,15,0.150865,0.957202,0.839575,0.7837,0.682835,Q3 medio
4625015010,15,0.234792,0.927662,0.827272,0.883528,0.718313,Q4 alto
4625015011,15,0.300262,0.94421,0.920459,0.951484,0.779104,Q5 muy alto
4625015012,15,0.325615,0.838578,0.808983,0.866498,0.709918,Q4 alto
4625015013,15,0.471104,0.861173,0.780323,0.757554,0.717538,Q4 alto
4625015014,15,0.421126,0.867021,0.862296,0.87406,0.756126,Q5 muy alto
4625015015,15,0.36668,0.850573,0.842027,0.900908,0.740047,Q5 muy alto
4625015016,15,0.349897,0.831002,0.802969,0.778204,0.690518,Q3 medio
4625015017,15,0.344222,0.87905,0.77883,0.740747,0.685712,Q3 medio
4625015018,15,0.642571,0.813258,0.827615,0.750346,0.758448,Q5 muy alto
4625015019,15,0.574745,0.853198,0.863118,0.794587,0.771412,Q5 muy alto
4625015020,15,0.413559,0.887257,0.88586,0.848036,0.758678,Q5 muy alto
4625015021,15,0.39445,0.833095,0.884154,0.790671,0.725593,Q4 alto
4625015022,15,0.314342,0.853896,0.884832,0.912765,0.741459,Q5 muy alto
4625015023,15,0.518777,0.795946,0.902306,0.885134,0.775541,Q5 muy alto
4625015024,15,0.470279,0.746004,0.884647,0.888289,0.747305,Q5 muy alto
4625015025,15,0.331853,0.870709,0.917232,0.945321,0.766279,Q5 muy alto
4625015026,15,0.239306,0.880545,0.856145,0.879625,0.713905,Q4 alto
4625015027,15,0.298871,0.832198,0.848966,0.857961,0.709499,Q4 alto
4625015028,15,0.147634,0.720153,0.820224,0.761911,0.61248,Q1 muy bajo
4625015029,15,0.565785,0.664064,0.717708,0.686756,0.658578,Q2 bajo
4625015030,15,0.5947,0.734474,0.855528,0.866528,0.762808,Q5 muy alto
4625015031,15,0.580076,0.7685,0.720071,0.674793,0.68586,Q3 medio
4625015032,15,0.383633,0.849543,0.8602,0.903049,0.749106,Q5 muy alto
4625015033,15,0.385735,0.634125,0.676026,0.448462,0.536087,Q1 muy bajo
4625015034,15,0.166231,0.566573,0.690548,0.600746,0.506024,Q1 muy bajo
4625015035,15,0.157756,0.610367,0.795797,0.658722,0.55566,Q1 muy bajo
4625015036,15,0.421449,0.881143,0.824662,0.875985,0.75081,Q5 muy alto
4625015037,15,0.291304,0.550557,0.646695,0.509683,0.49956,Q1 muy bajo
4625015038,15,0.073592,0.505134,0.747765,0.565804,0.473074,Q1 muy bajo
4625015039,15,0.413284,0.849377,0.853973,0.666718,0.695838,Q3 medio
4625015040,15,0.079884,0.483369,0.723092,0.559708,0.461513,Q1 muy bajo
4625016001,16,0.464828,0.798771,0.887524,0.887667,0.759698,Q5 muy alto
4625016002,16,0.451227,0.813192,0.900025,0.889205,0.763412,Q5 muy alto
4625016003,16,0.418143,0.831035,0.949304,0.88417,0.770663,Q5 muy alto
4625016004,16,0.27011,0.878817,0.976703,0.939376,0.766252,Q5 muy alto
4625016005,16,0.347318,0.82954,0.842637,0.826975,0.711618,Q4 alto
4625016006,16,0.442102,0.857518,0.880195,0.920124,0.774985,Q5 muy alto
4625016008,16,0.273217,0.897225,0.868865,0.855763,0.723768,Q4 alto
4625016009,16,0.234229,0.925469,0.836163,0.865809,0.715418,Q4 alto
4625016010,16,0.405208,0.798372,0.847192,0.809863,0.715159,Q4 alto
4625016011,16,0.362504,0.820834,0.864666,0.860092,0.727024,Q4 alto
4625016012,16,0.337137,0.864496,0.89384,0.870803,0.741569,Q5 muy alto
4625016013,16,0.434436,0.877953,0.915972,0.872739,0.775275,Q5 muy alto
4625016014,16,0.49308,0.776009,0.934008,0.837747,0.760211,Q5 muy alto
4625016015,16,0.681607,0.794318,0.8784,0.813059,0.791846,Q5 muy alto
4625016016,16,0.698757,0.768998,0.870762,0.879429,0.804486,Q5 muy alto
4625016017,16,0.211582,0.69789,0.767623,0.696184,0.59332,Q1 muy bajo
4625016018,16,0.563336,0.833361,0.898587,0.853384,0.787167,Q5 muy alto
4625016019,16,0.125364,0.489251,0.808188,0.79371,0.554128,Q1 muy bajo
4625016020,16,0.47966,0.854095,0.798393,0.753069,0.721304,Q4 alto
4625016021,16,0.522863,0.892906,0.743518,0.479372,0.659665,Q2 bajo
4625016022,16,0.396981,0.895531,0.785734,0.653564,0.682953,Q3 medio
4625016023,16,0.295856,0.853763,0.858337,0.658262,0.666554,Q2 bajo
4625016024,16,0.614133,0.742283,0.846747,0.832275,0.75886,Q5 muy alto
4625016025,16,0.421406,0.817378,0.866707,0.836132,0.735406,Q4 alto
4625016026,16,0.55668,0.828344,0.987615,0.880931,0.813392,Q5 muy alto
4625016027,16,0.569577,0.761555,0.798749,0.717477,0.71184,Q4 alto
4625016028,16,0.508117,0.551985,0.736271,0.646202,0.610644,Q1 muy bajo
4625016029,16,0.0,0.618109,0.794105,0.634414,0.511657,Q1 muy bajo
4625016030,16,0.152617,0.678219,0.798605,0.717649,0.586772,Q1 muy bajo
4625016031,16,0.43847,0.676225,0.756513,0.732149,0.650839,Q2 bajo
4625016032,16,0.029689,0.663798,0.772603,0.624651,0.522685,Q1 muy bajo
4625016033,16,0.101575,0.664263,0.740128,0.579814,0.521445,Q1 muy bajo
4625017001,17,0.488022,0.744376,0.492749,0.180185,0.476333,Q1 muy bajo
4625017002,17,0.429076,0.82738,0.811682,0.523979,0.648029,Q2 bajo
4625017003,17,0.60393,0.7157,0.726345,0.409508,0.613871,Q1 muy bajo
4625017006,17,0.301361,0.511082,0.788817,0.517297,0.529639,Q1 muy bajo
4625017007,17,0.486944,0.743479,0.817402,0.578144,0.656492,Q2 bajo
4625017008,17,0.461867,0.743479,0.725236,0.364329,0.573728,Q1 muy bajo
4625018001,18,0.407835,0.812195,0.944879,0.858475,0.755846,Q5 muy alto
4625018002,18,0.403699,0.849742,0.975066,0.787007,0.753878,Q5 muy alto
4625018003,18,0.542734,0.79372,0.872859,0.849148,0.764615,Q5 muy alto
4625018004,18,0.381178,0.711912,0.932549,0.663225,0.672216,Q2 bajo
4625018005,18,0.40676,0.834524,0.850761,0.70754,0.699896,Q3 medio
4625018006,18,0.418224,0.897392,0.846925,0.78493,0.736868,Q4 alto
4625018007,18,0.244725,0.784848,0.925384,0.883045,0.7095,Q4 alto
4625018008,18,0.381001,0.859246,0.915534,0.647563,0.700836,Q3 medio
4625018009,18,0.418167,0.798172,0.872345,0.792543,0.720307,Q4 alto
4625018010,18,0.335946,0.838378,0.916205,0.760907,0.712859,Q4 alto
4625019001,19,0.454358,0.835388,0.886641,0.71484,0.722807,Q4 alto
4625019002,19,0.564874,0.82934,0.734613,0.583079,0.677976,Q2 bajo
4625019003,19,0.422905,0.790763,0.829375,0.676037,0.67977,Q3 medio
4625019004,19,0.49748,0.78518,0.786228,0.766591,0.70887,Q3 medio
4625019005,19,0.454312,0.737398,0.648592,0.51116,0.587865,Q1 muy bajo
4625019006,19,0.451556,0.724572,0.585888,0.702681,0.616174,Q1 muy bajo
4625019007,19,0.626906,0.697458,0.307589,0.0,0.407988,Q1 muy bajo
4625019008,19,0.397159,0.606845,0.421407,0.132361,0.389443,Q1 muy bajo
4625019009,19,0.671224,0.734474,0.0,0.920581,0.58157,Q1 muy bajo
4625019011,19,0.312901,0.928892,0.762294,0.589086,0.648293,Q2 bajo
4625019012,19,0.13952,0.815916,0.779179,0.467217,0.550458,Q1 muy bajo
4625019013,19,0.456784,0.820601,0.829135,0.722254,0.707193,Q3 medio
4625019014,19,0.592922,0.832464,0.899566,0.632909,0.739465,Q5 muy alto
4625019015,19,0.591308,0.763648,0.669621,0.776939,0.700379,Q3 medio
4625019016,19,0.405747,0.584615,0.342161,0.129076,0.3654,Q1 muy bajo
