cod_ine,suhi_2023,suhi_2024,suhi_2025
4625001001,3.2647138024661295,4.325677847108223,3.5523025306877605
4625001002,3.2407694112591052,5.4687296332645845,4.120045507788175
4625001003,2.1027994122917444,3.228936745370336,3.43917438476514
4625001005,3.618368053269021,3.9242325164849983,4.084722399591593
4625001007,4.726143859601047,3.958766507650395,4.235830005218767
4625001008,2.8470385770710176,2.7271450780106976,3.5214559380075685
4625001009,2.912642433377353,2.3172979617361675,3.361287102022547
4625001010,2.6412434846902317,2.521117779100691,3.6257992352821047
4625001011,2.1906634776170075,2.8308970531365962,3.7779543567998055
4625001012,3.645909697808562,4.874135283458808,3.9878065978674395
4625001013,3.95199634283701,5.357963509699987,4.221366184515884
4625001014,3.055923616475985,4.4361146909390134,3.9195541502384517
4625001017,3.4334524929816492,4.4077914601106265,3.8087020995820517
4625001019,3.5281462853713332,3.525986501810282,3.7030232532308127
4625001022,4.084064894902643,3.1016145746863217,3.168811899660745
4625001023,3.838555631586131,3.2140737676626885,3.3660976213340135
4625001024,3.579443890906242,3.962660269700974,3.988992228642855
4625001025,3.5905192051117756,4.094202512996313,3.938082522284625
4625001026,3.287023903009936,3.165048258853996,3.415264593026798
4625001028,4.07115742357401,3.374073911873397,3.549761348831118
4625001030,4.746192850534814,3.922233432815023,4.13953000338865
4625001031,6.2254661666025655,4.469977727184572,4.418033110106074
4625001032,5.2238540059287715,3.6256632714610557,3.7818015909968365
4625001034,4.02666329945222,2.9868817231357743,3.0497985505499594
4625002001,5.98810367173598,3.9773318682608427,4.3964010318377404
4625002003,6.4739814470896375,4.668406075728718,4.933288102408553
4625002004,5.246149763279144,5.643849290738695,4.1871545292056735
4625002006,5.53115146739755,6.52258550348006,4.902467290267712
4625002008,5.836973149371096,4.074170425556484,5.132281177361624
4625002009,5.876864970955298,5.5224645490439075,5.774834209255009
4625002010,4.999490921485124,6.448800625968809,5.3714234840875505
4625002013,5.8339806564131225,5.037716794491027,5.114589556282232
4625002014,5.275262704199128,4.2120898519541425,4.637334321180587
4625002015,5.86635480198286,5.437256886495717,5.50608540017871
4625002016,5.423740510923994,4.687389931953674,4.9544971635074155
4625002018,6.471224574033747,5.490845797407346,4.964600961498191
4625002019,5.868409631310692,5.77698573301409,5.704574948647032
4625002020,3.839562386011379,3.854198727226813,3.4124056722362504
4625002021,5.592198055546254,4.319594729814941,5.275951811823778
4625002023,6.570877498857897,6.465866091230836,5.223561236616926
4625002024,4.851805144367235,6.583905425106298,5.9338316534329705
4625002025,6.0137666465931,6.119627502815012,5.923329822901375
4625002026,6.667693840320483,5.42363250952948,5.079676626685578
4625002030,5.444538719236389,4.518803532831771,4.740086796371767
4625002031,5.399190520334587,4.655406905776893,4.913138761421326
4625002032,5.278036051038884,4.876651745144949,3.8195479011483795
4625002033,5.375602597157614,3.5715140719965652,4.220071044426868
4625002035,5.206022735014838,3.907829662216182,3.9096567095817965
4625002036,6.001136844171664,4.484964330577225,4.591597336721136
4625002037,5.008835468695889,4.416464070979839,4.669873117770898
4625002039,4.0015185171909105,3.113965673477811,3.601782379795698
4625002041,3.7758557421330403,1.916683549872438,2.6655433493922738
4625002042,5.0076645150304016,4.565015589591244,4.904034795194517
4625002043,4.479899617876644,3.074861397296144,3.7103277177901943
4625002044,5.140731628055258,3.800273385888499,4.394997316252766
4625002045,3.7935087498557367,2.815419611960453,3.6724609723203225
4625002046,4.162987653323443,2.227143696337616,3.1713729562465023
4625002047,4.534833304455711,3.328728066957336,3.601761121157103
4625002050,5.323583453745651,4.489134943624558,4.329831247896787
4625002051,5.463497031973459,5.190335663940238,5.2032203325990976
4625002053,5.589179203178642,5.805271437080038,4.629596924157753
4625002054,5.837722033123578,5.558853808685775,5.344689293007851
4625002055,3.7088057647515806,3.7578785916607584,4.053617287504233
4625002057,3.323533126979575,4.308338498939562,3.789858930621047
4625003001,5.121366999340554,3.9589542252739065,3.9229989175754785
4625003002,5.230537455076403,3.9347164740129146,3.9591210190597526
4625003004,4.365667788072464,3.668631851153351,3.980383167351708
4625003007,1.4038269431040407,0.5061040092522152,1.5484215228159293
4625003008,1.8635035725587255,2.087041337630449,2.5854536163860864
4625003010,6.545359133422879,4.73700503075334,5.070660109099646
4625003013,6.095592586558864,4.803310197575632,4.833335289718656
4625003015,4.8298492757312665,3.5636671193591045,3.8346540493531966
4625003017,4.8241703609051125,5.313951555254251,4.813090761859
4625003018,4.700762131907821,3.5839989765915727,4.0144009871900765
4625003019,4.34972966470011,3.627434219389613,4.047776779545006
4625003020,4.397216916848437,4.390962199496276,4.265651160380998
4625003021,4.975000770744259,4.684114378273065,4.3017197761804224
4625003023,4.371436860102213,4.1124155759148175,3.3078751528073043
4625003025,5.400271826257478,5.1920652115981065,4.417278549280627
4625003026,4.954294929496899,4.503471337169704,4.58228432392494
4625003027,4.546270006749337,3.8704320284762144,4.5969294172050965
4625003029,4.363027825718186,5.620382328700829,4.547379790490424
4625003030,4.654891052829073,4.567038972354808,4.756041424224006
4625003032,4.625356508741179,6.315629097100393,4.969338862278611
4625003033,7.823307989913414,7.342771815894352,6.608158104474121
4625003034,5.519752466969284,4.02415282258506,4.201918393201463
4625003035,4.581530532972207,4.525966071378844,4.608220746384493
4625003036,5.213848508157045,4.271966079158498,4.335339504658065
4625003037,5.331391617434274,4.640510855014283,4.8878340458164855
4625003038,5.5743248258714155,4.651851052416682,5.008759768494375
4625003040,4.806999374617025,3.709346810449768,3.9244586102391583
4625003041,3.822423504696393,3.8035690359722087,3.7732208019712457
4625003044,4.572053507871943,4.00337599323714,4.192083351539408
4625003046,4.552430387805976,4.866802709007301,4.86393459490567
4625003047,5.826945732836827,4.191331428804519,4.894179131531415
4625003048,6.125152874089995,5.639410763248224,5.287216755829601
4625003049,5.431788177613768,4.5810512878092045,4.595881283005082
4625003050,5.247588016875458,5.906201459009084,4.928812029743859
4625003052,4.016233927140525,4.99081458878841,4.2601412819005775
4625003053,4.358183301795303,5.852899610251412,4.414195465177143
4625003055,5.180632159383204,4.795569651868368,4.920294170827003
4625004001,4.457006084649322,4.603625140409898,4.225740421872488
4625004002,4.832851114506754,6.2432934230516155,5.40817499529253
4625004003,4.494716811362381,6.606684692447134,5.069491648870491
4625004004,5.006355564463173,6.429769977814487,4.949329668932537
4625004005,4.072178982094599,5.923497843423127,4.301334885827861
4625004006,4.280947120235439,4.606393646209382,3.399217207536223
4625004007,4.611226970426103,4.255524147317218,5.557513043458842
4625004008,2.8084651116156314,3.1380407227412412,3.646084902366615
4625004009,3.979223955667219,3.9770202331714772,3.912217529979052
4625004010,5.647593538154547,5.141818718996734,5.367334974313475
4625004011,5.594238008305258,4.863224893875106,5.326241999504182
4625004012,5.980508895318587,4.051868899364657,5.57470263869085
4625004014,6.990514367783995,4.186962234924834,5.7202695784382875
4625004015,5.391710814745323,4.3981998520623975,5.272814592655961
4625004016,7.178286885460532,4.689678841906292,5.9238828952947475
4625004017,4.433605342034622,5.954609219366131,4.724053081055971
4625004018,5.75706736697957,7.294009734328045,6.614568846604221
4625004019,3.7099711548592778,4.245087279144905,2.9039719075670622
4625004020,3.6660013934978015,5.346646917649261,3.4676240797728157
4625004021,3.2874955080146413,3.4791095728256463,2.292347696918862
4625004022,5.00643704378707,5.794185987770241,4.823760038342314
4625004023,3.695679589555948,3.479313158059627,2.8347799510604372
4625004024,3.904616179140941,5.0427217629032794,3.7779923994856026
4625004025,3.1663583131738027,3.2929746582779704,3.4044538964084574
4625004026,2.836907084324994,3.1977963380771626,2.8776640176873465
4625004027,2.970477304322062,4.98174717989766,3.031011427729761
4625004028,5.350075453508388,6.5958509062904405,5.796314527709055
4625004029,3.449094437294109,4.910566178780931,2.960304404451234
4625004030,3.2486660084134122,5.063419232342734,3.147955662778689
4625005001,3.2749678680021916,3.312608070785858,4.48272265624784
4625005002,2.1499472207747883,2.3704258574929686,3.4265405296624456
4625005003,4.320010989896667,2.8737737688894187,4.157413526498081
4625005004,4.968647553653986,3.3048470082039936,4.870616883470852
4625005005,4.044211650759084,3.7660681580857878,4.038829847472093
4625005006,5.031925749386637,4.877157693178269,5.1010469944725285
4625005007,3.774040086284281,4.501698858472613,5.230989543488187
4625005008,3.0591189973028965,3.55365387954271,4.30640849447976
4625005009,2.2860440297632265,1.1328608834468983,2.883322823824566
4625005010,2.186418655377713,1.860319286195232,3.539866163488004
4625005011,3.796398443980023,3.4795083223349623,4.863920378480713
4625005013,2.8135683622653636,2.755043915815489,4.7019077769379285
4625005014,2.7366118924273555,2.7050317452779145,4.448748658163297
4625005015,2.4256771942272706,1.999685343631201,3.9636918509025847
4625005016,3.0025942334841336,2.727351039693964,4.353258943054332
4625005017,2.6431938233195944,2.4961324036969987,3.8877366322635125
4625005018,1.9467295878288242,2.483482332711271,3.3816284701308943
4625005021,3.2746580935126417,3.6951331423381504,5.018653231260192
4625005022,2.2575466946800313,2.6947670821807295,4.034834985204051
4625005025,0.6709310936502476,0.40377130844463993,1.8407658343079467
4625005027,2.8132394429542247,3.232910667940312,4.197241817900291
4625005028,3.2176696163147875,2.9555693087617727,3.730698740430041
4625005029,2.9681739746242894,3.145214610836762,4.001383385176833
4625005031,5.432151630567565,3.6529180817126186,5.193583267335111
4625005033,5.735090330242888,4.540243831863567,5.702554386482513
4625005034,3.290221612508261,3.7744571115378895,4.056108954244919
4625005036,5.185509034543437,3.930310294171643,5.257406838454423
4625005037,3.0448274259165617,3.202563348702552,4.536996040977712
4625005038,4.266715623744877,3.0946661170399716,4.351153165025283
4625005039,4.039320484801223,2.909184472782972,4.492913553449107
4625005040,3.0710956084917793,3.4729727237160994,4.639333002683408
4625005041,4.11026316580712,2.422823974335958,4.803147630496124
4625005042,5.421117198346732,3.8581521401442065,5.664115703075046
4625005043,5.284506545872371,3.9353193486364146,4.871667371191087
4625005044,3.5404577122209133,2.6987784188316386,4.342655566398227
4625006001,1.9477875306279124,1.2576344716841104,2.3237966779157997
4625006002,3.0208572351018463,2.626702208415607,3.245005824347736
4625006003,4.163603677050875,2.993221210200878,4.237021735758812
4625006004,2.531797455209379,1.477224515535979,2.8070394908515577
4625006006,0.8763787839278075,-0.22279874706876487,1.2446807028327707
4625006007,4.002198715337315,2.1219199789101544,3.5675160666302483
4625006008,3.084034725554672,2.322349915813831,3.0996655639035566
4625006009,4.757327054119163,3.8975116325926975,4.581275417722921
4625006011,4.338215197120936,3.948694517307258,3.991801128886443
4625006012,1.848368381044649,2.3629091128132673,2.3517123930519017
4625006013,3.904373269296021,3.6233046976275944,3.9461174993825225
4625006014,4.05434396312728,3.9126874129551426,3.8239483306443325
4625006015,4.115284647810943,3.2190346184913916,3.4456076624434795
4625006016,3.4043588401110525,3.6608019343231804,4.056300562535773
4625006017,3.6248209384708545,4.820140253872903,4.246002046263336
4625006018,0.6998136191622099,0.9232059275029081,1.527958819668463
4625006019,2.3838723004637763,3.146383155892396,3.905682563432882
4625006021,3.475173548728209,4.407688437001801,3.617975068731304
4625006022,4.339647331740887,4.516302739651047,3.917459075808352
4625006023,4.048311755589023,3.5610449512653406,3.237497395927329
4625006024,3.69741983139316,3.6069116478317844,3.2531983536640885
4625006026,3.296374865771769,2.4520117858568224,2.7319742895624817
4625006027,3.711256145939309,2.664362312967713,2.7742238094306004
4625007001,6.343625050295819,4.713405671410675,5.361528595002005
4625007002,6.789501097199039,5.023868851035757,5.309592399095767
4625007003,4.59042204555656,3.4466960395058104,3.127624089211224
4625007004,6.339705556472051,4.835617573193845,5.458300658146632
4625007005,5.756032798807582,5.136043357576928,4.884609739653798
4625007006,5.150909179833505,6.163248052046243,4.917019574613716
4625007007,5.156862965831683,7.296327107403976,5.705183532355328
4625007008,4.250116772830164,5.890152490933146,4.423908964306308
4625007009,4.6514679005040405,6.487131721272533,4.886172055379048
4625007010,4.063262816003912,2.907492755141828,3.721349222178018
4625007012,4.183289438105117,5.177101767828104,5.189003373078004
4625007013,3.8823495369575194,5.457120232739591,5.021840333101409
4625007014,4.396556809131175,4.6221760803236105,4.894295485429787
4625007015,5.331533695498261,4.229827505196102,4.5569189763545825
4625007016,5.274718205296221,5.61123862456695,5.0971342008821905
4625007017,6.359388558164282,4.769420770118579,4.838742048547812
4625007018,6.513893778127131,5.5643650939318325,5.752469005924525
4625007019,5.152352877056182,5.571628532687865,4.9347851861695124
4625007020,4.881852136561018,5.756515123566041,5.07382753478206
4625007021,5.182831441878178,5.4413625711490825,5.215290828788389
4625007022,4.568522297368181,3.9984769439970544,4.700345407782931
4625007023,5.219870857784199,4.956620723841631,4.77503617525057
4625007024,5.038476398450672,4.360236165295432,5.234202864788791
4625007025,3.9245191904610923,3.4875201052036937,4.35329386833874
4625007026,3.76669139016933,5.863032980121275,4.746405511372393
4625007027,4.213231489163396,5.19467691550707,5.041140032237445
4625007030,3.5040299726813875,5.9186293786526205,4.761693489972879
4625007031,5.044994834314795,4.762030282115196,5.390660629967595
4625007032,3.900819561278195,4.351003876924085,4.495843475491293
4625007036,3.166391718156016,2.968415863305384,4.058021192841347
4625007037,4.5670725651633335,4.152161924072714,4.775545242544832
4625007039,3.423279455696032,4.048644084551841,4.761884690471812
4625007040,3.1849119731517055,2.6382311794619624,4.009574674896614
4625007041,6.376533915864948,6.862172737802549,5.245435296583967
4625007042,4.326867483927115,4.305568758886484,4.469836060488143
4625008001,4.105228682823898,3.752016420827868,4.293683190382684
4625008002,4.913594932036991,6.111725465888644,4.943878177274405
4625008003,5.220709405079789,4.592668088465054,5.238068232617319
4625008004,4.306705231150575,3.728456053548371,4.735064926982028
4625008006,4.08363150747629,5.059250095918608,4.272980502070578
4625008007,6.4309262531197335,5.803150508143805,6.317555470933742
4625008008,5.145480883332629,4.8099976947114405,5.266691004964347
4625008009,5.038034563236045,4.739933726423135,4.89248979822916
4625008010,5.361009455003653,4.198900120595586,5.345684551576479
4625008012,3.5724892526849517,2.7394285576307182,4.226508331919682
4625008013,5.11349133538022,4.050834433524599,4.964702672034207
4625008014,5.234782854046183,3.7342872259597604,4.9126070587435455
4625008015,5.7606417816680535,4.691492774485999,5.416667243198379
4625008016,5.21619929162956,3.5383815134473804,5.026876130832595
4625008017,4.704568174931324,3.7206743588286737,5.188249914900803
4625008018,4.890642611254051,3.4759299025483292,4.857745184170342
4625008019,3.0089553065159835,3.56824498110911,3.9918639330912105
4625008020,4.536856955585564,4.021122697672385,5.1475865972051755
4625008021,4.9573779699750355,4.918844526503865,4.76918635874162
4625008022,5.265036959289408,4.5092662288124705,5.556795847051453
4625008023,4.371369223947852,3.015508848718471,4.255565043747931
4625008024,5.501272100220298,5.222315743393953,6.7411875480319825
4625008025,3.902579291064082,3.215295117475414,4.199981408239576
4625008026,5.682989362098532,4.960050858911841,5.260018075486338
4625008027,4.07410559086148,3.663215633265802,4.208471722563015
4625008028,3.491024432804117,2.9315331264131252,4.273649461856387
4625008029,3.385254133638042,2.302113740696355,3.190179542995325
4625008030,3.832363822407968,2.9495232310917254,4.261115120736269
4625008031,5.07935839577882,5.064620191624634,5.586433478508464
4625008032,4.740180123604169,6.243562083131834,5.946141372855625
4625008033,5.52832653675661,6.028291158620587,5.784549974095641
4625008034,3.6697420615164607,3.209785638898053,4.026069453376728
4625008035,3.2928725753581984,2.7597296745179065,3.461866315982457
4625008036,4.548000383329004,3.7682762545935855,4.993777480794016
4625008037,4.197134904556882,3.6353066412902253,4.579301381416961
4625008038,3.537888075692873,2.5284890927391994,3.837210349447527
4625008039,5.524070967136048,5.99550946246976,5.203865345589455
4625008040,5.8187949955211815,4.771051603513289,5.5753426063261236
4625008041,4.457416005019498,3.54822722282957,4.797019243270238
4625008042,3.6186379278395875,2.704545589952111,3.868580704934374
4625009001,5.385806409968293,4.974255254321365,4.975922177191827
4625009002,5.569596994518723,5.50744073702719,5.805170691203114
4625009003,5.860755840839057,5.632716669565711,5.956338973217178
4625009004,5.87655316712268,4.574759400951292,5.345003729582781
4625009005,6.23406185130633,5.061073556686102,5.296657541043444
4625009007,6.75835582723,5.352096324444236,5.8188916664236485
4625009008,6.311467947969128,5.348527621399424,5.918614366047276
4625009009,5.9230149741143725,5.7924947597596415,5.015351848282641
4625009010,6.465625662931585,6.702823535591147,5.79883686646151
4625009012,5.157777170218882,5.236865443567288,6.247870824558848
4625009013,7.701912113903745,7.1204474328971585,6.681747827905092
4625009015,7.068260028858659,6.0586271451426645,6.30094556450213
4625009016,8.202367748790238,6.096686578810816,6.499948722845092
4625009017,3.7906618294905354,5.302325659267975,4.36633750499892
4625009018,4.9308356334917365,6.133526024816923,5.354745147476934
4625009019,5.686299148943413,6.36688209826295,5.657549716888632
4625009020,4.448282104666363,6.771968622395418,5.331542781509543
4625009021,6.042823661131571,6.807633060611463,5.564682775767017
4625009022,7.144368004264253,6.750487395380441,5.72816312221581
4625009023,8.289047506090501,7.262531864702387,6.132097095187704
4625009024,6.089578313258522,6.370560301230528,5.482908204101596
4625009025,5.40998786354162,5.301229130027081,5.0394026287852975
4625009026,6.733760469591362,5.571989456740359,5.682065220703864
4625009028,4.817238544759544,6.720184359579149,4.926206337388326
4625009029,6.37843466997092,7.092325074719289,5.795978468441195
4625009030,5.114561449506878,5.108104837633729,5.198742246466439
4625009031,3.674288695406141,4.692057166371444,3.7113979678914304
4625009032,4.792054128356128,4.6699975684524055,4.829352433467028
4625009033,4.9095598231298005,5.106339433224727,4.202403917722266
4625009034,4.631132955311019,4.380306639421038,4.043112139571344
4625009035,4.235170272031147,4.531072370221684,3.793006580564163
4625009036,4.009564408858145,4.151925739583443,3.508466068555518
4625009037,4.606795371337859,4.443726214157226,4.075781575299376
4625009038,4.027242257397417,4.584943985364477,4.169226083905361
4625009039,3.8873830883041744,4.339173278732299,4.326867018447673
4625009040,3.9589083284878095,5.121880395875498,4.04576221419706
4625009041,6.782485038337628,5.942582677368292,5.941164640005484
4625009042,4.513005677351983,5.661312224613411,4.3444530757101605
4625010001,4.677087059094457,5.780523150505603,4.5180553348794605
4625010002,4.717768203100335,6.172228500121089,4.848318309670316
4625010003,4.983019657464599,6.199503509535321,5.209176804989778
4625010004,4.3408719345875575,5.390381525939924,5.0902843052325855
4625010005,4.094062352689531,5.465215171401383,4.810302677003233
4625010006,4.954682023069538,6.495903997049701,5.1152450940315815
4625010007,5.30579848966156,6.359808738784998,5.1110004690568545
4625010008,4.4840169079462,5.627010622032017,4.87168088233229
4625010009,5.631639237571921,6.130965007615551,4.98872497404517
4625010010,4.459280982788291,5.456538696887583,4.181095557409555
4625010011,4.8081310327040025,5.708672315228171,4.333497702246502
4625010012,4.986620862092765,6.464338302815001,5.010406793163778
4625010013,5.989368490547483,6.384253233573532,5.419240424533437
4625010014,5.193341178811475,5.644980893692548,4.413964010656211
4625010015,4.845877190151469,5.685218770611589,4.766442779290535
4625010016,4.950416239488949,6.350970319497255,5.294497931126574
4625010017,4.930954707526271,6.521006064111814,4.850446999960445
4625010018,4.580338523442512,6.368835587779424,4.736572193146811
4625010019,4.729348825107245,6.305418384356606,5.214306489138977
4625010021,4.764234852417599,6.259858093802488,4.953885813114679
4625010022,5.574444693476496,6.845839659498046,5.413539680855955
4625010023,4.535978498435922,6.589947479023845,5.271399643758916
4625010024,4.511764733780192,5.958970144180452,5.043363570156744
4625010025,5.0855512989153455,5.858316883476337,4.622901173855587
4625010026,6.870008865577118,7.649223711560563,6.393827411197559
4625010027,4.985077506337932,5.1735758765021345,4.243965653927564
4625010028,5.27396159572233,6.0892978098088175,4.850480116401385
4625010029,4.940941350267477,5.2087482080850265,4.330804731915787
4625010030,4.558395959084847,3.796785436430114,4.203111761178639
4625010031,5.397643733142143,3.752244533116879,4.545710178705513
4625010032,4.300119741461899,5.577050494859491,4.426260915268029
4625010033,4.585298892754821,4.623489160429078,5.1483122484086
4625010034,5.163390407722164,4.9107968619251645,5.008904284265332
4625010035,3.0558259688778158,4.953788759799218,3.713641658495587
4625010036,3.4500879814926493,4.890111298022209,3.861703798066627
4625010037,3.911531059115075,3.6851543813966154,3.5176008278980304
4625010039,3.8577786973187127,3.5712742703326095,3.7225889635447995
4625010040,3.0046797243581826,2.0650876850645465,2.3379448733703803
4625010041,4.2690940007786065,3.195023735443569,3.921768242381798
4625010043,4.5293086472684365,3.6473446301840466,4.4286274591569805
4625010044,3.7169858666611932,4.990285364422277,4.377816083913153
4625010045,4.676314134324698,5.762080907917239,4.506820780898841
4625010046,4.78219420276851,6.083277757477022,4.8156760411793025
4625010047,5.731769859094792,6.3830693165752805,5.241626852715614
4625010048,5.234239830797385,3.920621427686918,4.053395564525633
4625010049,5.026478809263542,6.3317828561755825,4.514271929845563
4625010050,5.130618495038085,6.080681082622111,4.343854954830956
4625010051,4.019196727042816,3.6449264137876014,3.4499575591591083
4625010052,3.787708701148071,3.216719702230033,3.079860908463954
4625010053,3.2886706220365047,2.9328346098384914,2.4844010877246094
4625010054,3.8303753009482366,3.073173459694078,4.08739642347109
4625010055,5.531305123486318,5.730223755166544,5.508516016448193
4625011001,5.926426487179855,3.9954109930715394,4.67745378229965
4625011002,5.826458606050283,4.4525829409098066,5.282510118854639
4625011004,6.18552151767985,4.282943238524373,4.806438273703239
4625011005,5.427973799299263,3.5154968823838724,4.19356974456484
4625011006,4.699831235890341,3.006393101879558,3.4030062821792324
4625011008,5.444833994636938,3.1530176312086424,4.00094867646395
4625011009,4.887478038645359,3.063212269598372,3.913460516717745
4625011011,4.905296501478097,2.7468756996761634,3.479429376145228
4625011012,5.113386657615102,3.5921772326322383,4.309748491128705
4625011015,4.78045987944916,2.7492494183958955,3.17653647242931
4625011017,5.925644857469489,3.913972102146549,4.754584058019961
4625011019,5.5899790452939095,3.9101127796053032,4.970838866761176
4625011021,5.67587825113226,3.3173013485375993,4.322972081893939
4625011022,5.750960377178281,3.69767116123269,4.306793312553738
4625011024,5.3112379136424686,3.6240548503186325,4.163360834453224
4625011026,5.705637586048193,3.5963546062680427,4.350038320353668
4625011028,5.482068515669538,3.2087167764118276,3.948570637352416
4625011030,5.1182810934321505,3.0832080635924215,3.8169050670336815
4625011031,4.7108020711727345,2.761524587567227,3.7544370470765913
4625011032,6.132285073233908,4.176190453253395,5.136840326143817
4625011033,3.633071799618688,2.871839858102603,3.51986984144516
4625011034,4.8248574106535225,2.931041220911998,3.375943253845678
4625011035,5.013905682969336,3.2885741083434676,3.5466582705335616
4625011036,5.223574729887864,4.239640007434228,3.8401785246274915
4625011037,4.841762219651991,3.3009028585230085,4.081604797061641
4625011038,4.742281651709953,3.3285989271244514,3.7841535404116344
4625011039,5.263455771773197,2.479844426957763,3.8482148843440287
4625011040,3.8484801289662998,2.8017985756330477,3.6709994446244116
4625011041,4.188227160761629,2.5712350007705735,3.2805444353649973
4625011042,4.667049643304376,2.4055306135304764,3.4017466615400322
4625011044,4.921239610009604,3.9898827011300373,5.037251255447828
4625011045,5.16365381130335,4.241343338582819,4.932663840103906
4625011046,4.451417788390045,3.1173061918614593,4.2548087110909005
4625011047,4.110689653107223,3.171975179945911,3.865968988710116
4625011048,4.050178506551161,2.9753497181027777,4.092387619076345
4625011050,3.876173354665037,2.1154959054024705,3.4268285735670805
4625011051,2.9626196860273835,1.851952501418119,2.5165805655916365
4625011052,3.9030042502131104,2.6776594875639677,3.713969115004855
4625011053,4.632140405381545,2.7444345174586764,4.157219819597972
4625011054,5.388596779744278,3.2986114487219043,4.112781361359164
4625011055,4.937212589878647,3.5311309608898496,3.9053081089454253
4625012001,4.836362674022886,5.045351742503683,4.757021971161342
4625012002,4.2126780868133915,4.290868973956564,4.371406709654206
4625012003,4.783991292409991,4.690892808514931,4.670489862677312
4625012006,5.229778050746927,5.357092034715898,5.131740937105363
4625012008,4.7008244437794335,4.192737775162099,4.691480756190216
4625012009,4.291960830670093,4.229805616510687,4.358231409895674
4625012010,2.6277748719458964,1.977871374722033,2.5861615515297687
4625012011,3.8221832502497692,3.867692969043813,3.577582829637966
4625012012,4.291598560457317,4.023821793293595,4.274799962284906
4625012013,5.41932944337946,5.011951333695735,5.364291661398523
4625012014,4.517018752430084,3.999774933680055,4.198173540221479
4625012015,5.511614335142734,4.689528652200548,5.282422648559099
4625012016,5.011974336165733,3.7168749727287347,4.4593441142746775
4625012018,4.814449295792315,4.56505530332059,4.723839981471659
4625012019,5.410583542570142,5.568038528839511,5.099311620780034
4625012020,5.569383409911766,6.134288477466311,5.719236045681227
4625012021,4.458362237551711,4.564045339384657,4.725764786906564
4625012023,4.21580392902049,4.848107192427425,4.194838322541392
4625012024,5.274492835368976,5.214472500775066,5.537974971538222
4625012025,3.292614928420923,3.7223322231056977,3.383972097714543
4625012026,3.2931559047977523,2.7990548734605394,3.3463404906692173
4625012027,3.7045500465307146,2.8877079315960286,3.4099221540413382
4625012028,5.087867926211647,4.393862836914922,4.991371981564788
4625012029,4.04048588205308,3.460843080209395,4.078986006396297
4625012030,5.281322369079357,4.2754310024074815,5.151890678925494
4625012031,5.207485892876087,4.06224193674968,4.932320912545797
4625012032,5.2208047901937364,3.5227406336691702,4.097242439471687
4625012033,5.296736991550806,3.504234306149424,4.5886248172128585
4625012034,4.217010919883366,4.793143803498691,4.561154008865576
4625012035,3.880821406315888,4.509551997699319,4.3090017176507205
4625012036,4.183188480463512,4.433048143826646,4.800242330358143
4625012037,2.1090894453183537,3.0898974119639817,2.638598362752867
4625012038,4.70598182254993,3.2921802478312245,4.564104054736412
4625012039,5.134901485435223,3.9345905956485407,4.847714264451693
4625012040,3.388448022886864,3.6463633360282897,3.257606560924852
4625012041,1.7988726777860033,1.0690332599906915,2.1027162218659687
4625012042,4.2295365303733465,2.0209241810184126,3.1074202731948053
4625012043,4.808774352082699,3.3612064677281808,4.516500148270119
4625012044,4.351244177440075,4.224846520181063,4.15495828778245
4625012045,3.4279606517676577,1.1669650757918948,2.220892106234771
4625012046,1.9757993977509656,0.6055965848057687,2.009423951580599
4625012047,3.9764670723925577,4.314193680317217,4.363083859683117
4625012048,3.297722193314022,1.6314802640725667,2.5861790182330457
4625013001,4.530791535514881,3.462500886101509,4.409234740947945
4625013002,4.8029095392931795,3.5361092477830494,4.835326130796352
4625013003,3.761123634073474,2.638686798141983,3.4432880514977704
4625013004,2.500898318729628,1.855291788909535,2.2013860250219683
4625013005,3.8199472128632856,2.5703753816890336,3.1429965722987308
4625013007,4.720812739466043,4.5894238058990995,4.388934645133007
4625013008,3.796280019830871,4.222813172406671,3.431189114856055
4625013009,4.234677542027984,4.415937457594941,3.8590916078366475
4625013010,4.072045484702635,3.291438646108949,3.7846519165403603
4625013011,2.9840343881182863,3.209629949059145,2.6024162827814683
4625013012,2.9878728433695945,3.558697272444083,2.703466966485064
4625013013,3.5043884085515553,2.631742239018888,3.186772199989682
4625013014,2.2876818544268596,1.5267524094350906,2.0450421452423964
4625013015,2.703166835321892,2.5446606738442505,2.4612140293606632
4625013016,4.524474194799909,3.8788036941497355,4.318951926686983
4625013017,3.7265254427610786,3.5632224169804574,3.6412732395478566
4625013019,4.621898193703424,5.12910881596287,4.67300331326196
4625013020,3.720008939484335,4.180072908196637,3.6724811335143936
4625013021,3.2891624372480637,3.7194417086418032,3.093695299465221
4625013022,3.741420468822195,4.209666212053995,3.6470870117871867
4625013023,4.054855860172688,2.721193205783895,3.3206297019400965
4625013024,4.474268647569149,3.453978828218413,3.9855001581194696
4625013025,4.265166083068875,3.0475719933279963,3.9553918605189367
4625013026,3.4470843945491816,4.145807440609601,3.0997974278503935
4625013027,2.470232469585042,1.8360000481978556,2.283232981875274
4625013028,3.3465556183306524,3.3798465987380655,3.1045186662023143
4625013029,3.9144455476969693,3.9651448973172263,3.5567557219018533
4625013030,4.159462229716402,3.291055761813369,3.5747528120521994
4625014001,4.3379477744974135,2.3320416989385833,2.951915544393297
4625014002,5.445220458104763,3.853197200469717,4.79405700880503
4625014004,5.080862792509938,2.411164549668281,3.5261883897267996
4625014005,5.157108667034554,2.639377789296547,3.2814492269842046
4625014006,6.373479317870977,4.112019163893694,5.317113136555935
4625014007,5.925130050683153,3.7870581280563194,5.00767855511898
4625014008,5.61762302296654,3.8100051509576565,4.988585446620279
4625014009,5.551013176533685,3.550369996683142,4.757809302776203
4625014010,5.147790196537351,3.366971235838217,4.653831579093471
4625014012,5.474696063160286,4.8252074993649705,5.857720075082024
4625014013,4.326446889028512,3.9465265998852503,5.05926860139315
4625014014,4.8686357132149585,6.292902459290046,4.976853830188044
4625014015,4.809107991803257,3.683448811936571,3.879891198843493
4625014016,5.606367476752219,4.187968626245008,5.424597375901715
4625014018,4.7345834014089885,2.6069727467190353,3.951468128909307
4625014019,4.694692506442528,2.2765220426130157,4.723351336197667
4625014020,4.263738386650279,2.247049101232313,4.273492097032903
4625014021,4.3389508445116,2.9462145238281625,3.576409351890741
4625014022,4.7690516363547335,3.274478186110904,4.811076409537992
4625014023,2.687716684666055,3.285029102643895,4.163237849539929
4625014024,3.5021476099741995,1.7919361658405106,2.426923541400046
4625015001,5.979122957296642,3.74064620130891,5.35011223423096
4625015002,4.827500058201408,5.027125505001996,5.105583153353738
4625015003,4.511091822895928,2.8160604271631158,4.809403283515451
4625015004,4.605587090532573,3.2302154360901127,5.033195047188758
4625015005,6.063685586538134,3.6363263057006705,5.400255755372795
4625015006,5.27233411473922,3.9503236083044246,5.221367456314911
4625015007,6.414861552987827,4.324671319607211,6.434057328770216
4625015008,5.7928355235241344,3.2998145411622364,5.655697545747932
4625015010,5.463161219799582,3.485206386319572,5.261141662409733
4625015011,6.903102063070705,5.126900703959968,6.260793861407269
4625015012,4.799781642909411,3.703109252125438,4.9057190759119065
4625015013,4.731191415990601,2.66291948882662,4.759070674395027
4625015014,6.017208868205334,4.743093432265671,4.983186442920458
4625015015,5.352409787534159,4.849335997425389,4.653897557768316
4625015016,5.095425469853034,3.495476783786006,4.554062677400892
4625015017,4.230168694810117,3.5336092545108095,4.324118754904486
4625015018,4.8518594800088,4.563795339544127,4.808730684793432
4625015019,6.324823751523478,4.647219927369866,4.807273823994668
4625015020,6.6208778764763085,5.200476403326523,4.954032837333963
4625015021,6.809839185406157,4.902255147507935,4.9885701470741255
4625015022,6.263642872286723,4.864952688999429,5.601812239413845
4625015023,6.547699824106915,5.297071377608949,5.651015142638929
4625015024,6.338100749072204,4.581606340225095,5.802620740733255
4625015025,7.095847234438901,5.076864599844888,5.976619879568826
4625015026,5.692631122143457,4.548775515266684,5.232443854499605
4625015027,5.61621163176999,4.180560948337174,5.362909017678882
4625015028,5.5934932934970805,4.348332048009028,3.959114473311139
4625015029,4.045674271033583,1.7261165221317418,3.639338994507495
4625015030,6.334037656581889,4.028443222053286,5.084451159680223
4625015031,3.975652114148217,2.0280456314671396,3.510766367052088
4625015032,5.942713207115083,4.31238213260745,5.396534079656801
4625015033,2.8146849050745746,1.680245798986263,3.090573021392956
4625015034,3.305726530067322,2.0177667958963,2.897999340432809
4625015035,4.214316636704766,4.39165384764444,4.225151530365038
4625015036,5.242998048094427,3.3915432125767984,5.460661857778168
4625015037,3.2453214687543444,0.6838114393610153,2.371903445058729
4625015038,4.343805871792529,1.612710618438073,4.770972699934281
4625015039,6.311417351554075,4.425505400488898,4.642104249812352
4625015040,3.50912035395,2.805609046183342,3.331962851010339
4625016001,6.378545472676249,5.085806814669379,5.383832288199467
4625016002,6.263487205211595,5.475846636324321,5.656353171679564
4625016003,6.503723735858831,7.45735540807599,5.5928638164892295
4625016004,7.365425024723829,7.214496580810687,6.174024707479219
4625016005,5.438586785906134,3.9863336316099587,5.457399268647147
4625016006,6.920086481880778,3.9679494854772877,5.639404714988256
4625016008,5.864299975995647,4.135554818900337,6.03114972642081
4625016009,5.51934132264915,3.707645103225554,5.371984243107995
4625016010,5.6708819498808625,4.126084001407497,5.284871210586865
4625016011,5.953065855138948,4.519926157165885,5.374309410449899
4625016012,6.745521501932501,5.1265493081588955,5.25282090911021
4625016013,6.826209981560947,5.478882802650665,5.789086563584984
4625016014,6.510979840039427,6.643603502294876,5.729574914381613
4625016015,5.63656123456244,5.089986892296877,5.72225055309023
4625016016,6.335870741125088,4.420106658679951,5.358339308239299
4625016017,4.296713904495639,2.98330678699517,4.316997438112511
4625016018,6.517502671681841,5.0516583336432435,5.763772868484873
4625016019,4.8249850486881956,4.0462364545455065,4.502450501387847
4625016020,4.6304903054061075,3.0637397199944854,5.250322038578736
4625016021,3.8372758917150693,2.447535793173203,4.256521929038602
4625016022,3.624995043196165,4.472251650185204,4.293025290201505
4625016023,5.934041194884215,4.3561133745958385,5.279925058884155
4625016024,6.328666175256191,3.805648252111129,4.928006773219534
4625016025,5.859640674632206,4.527141769387878,5.549699313361471
4625016026,7.563547543096597,7.500673323859012,6.167605244532774
4625016027,4.1016930818305815,4.325172326666387,4.533423043549098
4625016028,3.1436118444120043,3.459235448806845,3.621016169222777
4625016029,4.037112205326948,4.760782466615897,3.958985036871973
4625016030,4.218155703483836,4.275163733776342,4.460775037683489
4625016031,3.809300734151601,3.695316429116572,3.6060016692542107
4625016032,4.018992093897522,3.9530130576910296,3.843081456925112
4625016033,4.021455446720236,2.9569574938767347,3.4144242262034656
4625017001,0.624418736541155,-0.7023465276454058,-0.3633025590801745
4625017002,5.258835450289975,3.404940397996219,4.862985260816498
4625017003,3.652013446427804,2.6305287134506328,3.5067146085937657
4625017006,4.574188013972896,3.81514591727448,4.135880634578388
4625017007,5.0416230653272835,3.8827157144364732,4.852908699730795
4625017008,3.8251515365265343,2.9096734508994824,3.0058155133146367
4625018001,7.241144940177881,6.449768577393317,5.66928104819877
4625018002,6.4064817290443825,7.804823193202008,6.470985881289398
4625018003,4.975116060246896,5.432168202648394,5.798781549573737
4625018004,6.225402635356317,5.998515900350553,6.596410000540586
4625018005,5.408172766528253,4.674833810991492,5.155170475198996
4625018006,4.717732057607919,5.095352493253269,5.257174653695472
4625018007,6.381371642951734,5.776150701426052,6.348745457076452
4625018008,5.406574801442739,6.668843374194788,5.999494821991013
4625018009,4.624728620361059,5.40782394328478,6.151056170335388
4625018010,6.290596261339254,6.44876816398158,5.3649938925061065
4625019001,5.678680515683262,5.059213556182398,6.071595965667718
4625019002,3.9036490097656857,2.1570560675134276,4.09068054663012
4625019003,5.27812306730245,3.7316619015042467,5.291713169439532
4625019004,4.1876787065704475,3.841691542693647,4.382455426223034
4625019005,2.7717527806725237,1.3999910320061262,2.21240532364119
4625019006,1.9769849906122445,0.665130422867208,0.9957817740608608
4625019007,-2.0733895127730935,-3.4353050936505176,-3.0418419677335153
4625019008,-0.868884566061437,-2.063900017192098,-0.6330832669052865
4625019009,-6.003408562716376,-8.621397326101013,-7.396847368390171
4625019011,3.3711869073300678,3.800658508887624,4.191723797773721
4625019012,3.0524405888183503,4.065785352518455,4.984929454921188
4625019013,4.838314988215991,4.664504833278987,4.788187694720645
4625019014,5.855991461538651,5.304041169706684,6.21570094644184
4625019015,3.3334935521038225,1.3762613884225938,2.595130510755621
4625019016,-1.5410199833982139,-3.3172070284790216,-2.1781541604441124
