cod_ine,coddistrit,pob_total,HVI,FP,wk
4625001001,01,890,0.633806,0.60194,0.766967
4625001002,01,1073,0.636442,0.602133,0.772277
4625001003,01,1254,0.573811,0.732743,0.712974
4625001005,01,1186,0.675824,0.563924,0.831285
4625001007,01,857,0.626153,0.469123,0.686143
4625001008,01,1054,0.567132,0.390989,0.530748
4625001009,01,1140,0.443151,0.688098,0.432425
4625001010,01,1073,0.53652,0.601745,0.57442
4625001011,01,1513,0.608541,0.575564,0.703944
4625001012,01,906,0.582943,0.407401,0.570142
4625001013,01,1489,0.68481,0.422646,0.779193
4625001014,01,1481,0.606098,0.47167,0.64773
4625001017,01,744,0.68963,0.374941,0.765135
4625001019,01,2645,0.612894,0.382096,0.616876
4625001022,01,1501,0.673921,0.285741,0.689946
4625001023,01,1258,0.625599,0.292793,0.597844
4625001024,01,1237,0.657634,0.634955,0.83043
4625001025,01,1097,0.639248,0.441254,0.698265
4625001026,01,1718,0.616368,0.411761,0.638419
4625001028,01,1033,0.64531,0.486003,0.732387
4625001030,01,890,0.582102,0.657514,0.69217
4625001031,01,916,0.636959,0.656057,0.799967
4625001032,01,1380,0.662472,0.556511,0.801207
4625001034,01,1819,0.613661,0.767708,0.809096
4625002001,02,1044,0.706188,0.490476,0.855028
4625002003,02,1100,0.705532,0.2325,0.726149
4625002004,02,1646,0.673737,0.257231,0.675483
4625002006,02,1434,0.705711,0.241764,0.731084
4625002008,02,1331,0.682446,0.281442,0.704684
4625002009,02,1179,0.674361,0.161703,0.629474
4625002010,02,955,0.711297,0.211703,0.727268
4625002013,02,1425,0.692733,0.368199,0.767939
4625002014,02,857,0.646649,0.183484,0.585427
4625002015,02,1225,0.669876,0.168432,0.62393
4625002016,02,1483,0.663571,0.270199,0.661786
4625002018,02,1913,0.760941,0.208058,0.82367
4625002019,02,1184,0.691568,0.260132,0.712191
4625002020,02,1078,0.595037,0.136455,0.46007
4625002021,02,825,0.675236,0.244898,0.672349
4625002023,02,1274,0.696872,0.165704,0.675984
4625002024,02,754,0.713909,0.086455,0.670494
4625002025,02,813,0.69791,0.17881,0.684519
4625002026,02,987,0.68552,0.163545,0.65246
4625002030,02,832,0.703427,0.15453,0.683425
4625002031,02,1146,0.678896,0.111703,0.613718
4625002032,02,890,0.666362,0.319869,0.691871
4625002033,02,1641,0.592075,0.471251,0.619783
4625002035,02,1061,0.561665,0.215217,0.433006
4625002036,02,835,0.595619,0.141764,0.463847
4625002037,02,1362,0.602351,0.526176,0.667274
4625002039,02,1614,0.51395,0.576424,0.51725
4625002041,02,800,0.503942,0.512996,0.466084
4625002042,02,1096,0.667417,0.19547,0.632437
4625002043,02,765,0.562734,0.233778,0.4443
4625002044,02,722,0.650032,0.10453,0.553072
4625002045,02,1424,0.539614,0.302118,0.432361
4625002046,02,954,0.554616,0.452878,0.536596
4625002047,02,855,0.537665,0.261567,0.408452
4625002050,02,1145,0.640418,0.273851,0.617791
4625002051,02,1418,0.654973,0.096249,0.558751
4625002053,02,944,0.641468,0.191764,0.579272
4625002054,02,736,0.689418,0.137234,0.647159
4625002055,02,1317,0.62576,0.48876,0.695077
4625002057,02,1026,0.603393,0.3775,0.595808
4625003001,03,897,0.688992,0.321012,0.737203
4625003002,03,1675,0.654716,0.298937,0.658481
4625003004,03,1846,0.656944,0.321656,0.674124
4625003007,03,1203,0.482298,0.540276,0.43676
4625003008,03,1367,0.528543,0.500471,0.508556
4625003010,03,1933,0.715961,0.444511,0.851629
4625003013,03,1926,0.707291,0.4511,0.837736
4625003015,03,1190,0.643196,0.321012,0.64661
4625003017,03,1343,0.690811,0.14547,0.653987
4625003018,03,929,0.608471,0.338219,0.586427
4625003019,03,1316,0.625032,0.292252,0.596455
4625003020,03,1571,0.667272,0.063288,0.56678
4625003021,03,1420,0.655843,0.337873,0.679967
4625003023,03,1452,0.630066,0.464989,0.69184
4625003025,03,985,0.66008,0.359551,0.699069
4625003026,03,1188,0.719962,0.109015,0.693625
4625003027,03,2355,0.682818,0.413958,0.770956
4625003029,03,973,0.711456,0.059015,0.652071
4625003030,03,1091,0.678794,0.037234,0.576688
4625003032,03,970,0.758301,0.174469,0.801837
4625003033,03,1057,0.747656,0.264057,0.825084
4625003034,03,1397,0.655652,0.439718,0.729956
4625003035,03,1672,0.671012,0.153717,0.6189
4625003036,03,1582,0.681415,0.059015,0.592644
4625003037,03,1214,0.702297,0.059015,0.633953
4625003038,03,714,0.66746,0.146408,0.608259
4625003040,03,991,0.593159,0.356518,0.565187
4625003041,03,2094,0.610452,0.390445,0.616174
4625003044,03,1588,0.662594,0.118968,0.585063
4625003046,03,1652,0.706261,0.124469,0.674164
4625003047,03,1529,0.713716,0.138263,0.695734
4625003048,03,1775,0.71657,0.086455,0.675758
4625003049,03,1172,0.673021,0.390942,0.740193
4625003050,03,1314,0.711938,0.264057,0.754427
4625003052,03,2052,0.689638,0.499175,0.826591
4625003053,03,903,0.698034,0.141764,0.666443
4625003055,03,820,0.731342,0.037234,0.680638
4625004001,04,1311,0.674986,0.643255,0.868861
4625004002,04,762,0.778866,0.226823,0.86841
4625004003,04,1598,0.699944,0.244208,0.720885
4625004004,04,940,0.786983,0.074468,0.80912
4625004005,04,1238,0.731458,0.455401,0.88767
4625004006,04,1447,0.670964,0.432646,0.756748
4625004007,04,1330,0.7074,0.295382,0.760942
4625004008,04,942,0.652028,0.456982,0.731325
4625004009,04,1190,0.700284,0.055428,0.628197
4625004010,04,1102,0.756142,0.087234,0.754424
4625004011,04,855,0.74015,0.176492,0.766931
4625004012,04,1767,0.750712,0.233778,0.816155
4625004014,04,867,0.76157,0.10453,0.773715
4625004015,04,1204,0.765526,0.153717,0.805866
4625004016,04,1480,0.786286,0.19547,0.867582
4625004017,04,1231,0.737386,0.201351,0.773757
4625004018,04,2209,0.600321,0.163832,0.484062
4625004019,04,1449,0.504127,0.286779,0.354576
4625004020,04,1259,0.691622,0.40283,0.782868
4625004021,04,2024,0.604362,0.386738,0.602294
4625004022,04,1240,0.7498,0.30145,0.847818
4625004023,04,916,0.657918,0.308288,0.66944
4625004024,04,2578,0.565294,0.290172,0.477253
4625004025,04,2006,0.527724,0.564836,0.538767
4625004026,04,2039,0.461131,0.418887,0.334855
4625004027,04,1871,0.536442,0.227158,0.389015
4625004028,04,1572,0.629035,0.2771,0.59688
4625004029,04,1313,0.547734,0.27769,0.436343
4625004030,04,1847,0.493908,0.292642,0.33726
4625005001,05,1157,0.685348,0.313073,0.726068
4625005002,05,986,0.64743,0.35234,0.670479
4625005003,05,871,0.721061,0.037234,0.6603
4625005004,05,1515,0.724744,0.246523,0.771089
4625005005,05,1286,0.683564,0.255842,0.694236
4625005006,05,1284,0.779988,0.074468,0.795282
4625005007,05,1094,0.709361,0.368922,0.80119
4625005008,05,1900,0.730597,0.226889,0.772957
4625005009,05,1044,0.636719,0.29712,0.621981
4625005010,05,886,0.63085,0.548822,0.73485
4625005011,05,1267,0.61903,0.459422,0.667255
4625005013,05,1486,0.704096,0.092882,0.65426
4625005014,05,847,0.659498,0.212238,0.625064
4625005015,05,1423,0.628076,0.32631,0.61932
4625005016,05,1142,0.683862,0.116483,0.625906
4625005017,05,872,0.757018,0.51967,0.970017
4625005018,05,2501,0.659152,0.197278,0.616982
4625005021,05,1307,0.690946,0.202194,0.682307
4625005022,05,1697,0.66991,0.116483,0.598306
4625005025,05,2278,0.526552,0.705947,0.606235
4625005027,05,1744,0.684478,0.188762,0.66287
4625005028,05,1165,0.609266,0.446823,0.641709
4625005029,05,1200,0.690126,0.191744,0.675517
4625005031,05,1083,0.65866,0.175112,0.605046
4625005033,05,1732,0.740856,0.05,0.705771
4625005034,05,1586,0.680661,0.16535,0.64374
4625005036,05,1256,0.698028,0.271979,0.730829
4625005037,05,804,0.689354,0.059015,0.608349
4625005038,05,1462,0.685143,0.086455,0.613589
4625005039,05,1750,0.698424,0.310875,0.750848
4625005040,05,1898,0.693914,0.086455,0.63094
4625005041,05,1425,0.668633,0.218968,0.646463
4625005042,05,1690,0.72857,0.344271,0.826998
4625005043,05,1983,0.69466,0.166482,0.671993
4625005044,05,1147,0.712472,0.086455,0.667651
4625006001,06,1413,0.480312,0.632221,0.478302
4625006002,06,1630,0.596727,0.525442,0.655786
4625006003,06,1028,0.589695,0.177983,0.47004
4625006004,06,1662,0.544494,0.342803,0.462136
4625006006,06,1255,0.404338,0.378713,0.20264
4625006007,06,1296,0.538182,0.556104,0.555137
4625006008,06,1900,0.604461,0.321514,0.570233
4625006009,06,1456,0.724566,0.22881,0.761977
4625006011,06,878,0.673841,0.190951,0.64291
4625006012,06,1146,0.548628,0.494943,0.545554
4625006013,06,1439,0.636638,0.225656,0.586479
4625006014,06,1600,0.59676,0.369248,0.578606
4625006015,06,2121,0.606269,0.318938,0.572536
4625006016,06,877,0.641432,0.079248,0.523557
4625006017,06,1764,0.630793,0.165704,0.545267
4625006018,06,1028,0.46586,0.153331,0.21288
4625006019,06,1027,0.598672,0.304859,0.550545
4625006021,06,807,0.621024,0.074468,0.480822
4625006022,06,1038,0.65908,0.116483,0.576882
4625006023,06,1222,0.617447,0.310167,0.59031
4625006024,06,1552,0.600838,0.394068,0.598947
4625006026,06,1682,0.593137,0.34672,0.560298
4625006027,06,1281,0.60743,0.270164,0.550711
4625007001,07,1274,0.761375,0.037234,0.740048
4625007002,07,1965,0.757116,0.10453,0.764904
4625007003,07,1440,0.602816,0.423073,0.617205
4625007004,07,990,0.77164,0.059953,0.77159
4625007005,07,1220,0.690592,0.283516,0.721824
4625007006,07,1225,0.763001,0.138263,0.793229
4625007007,07,1201,0.782892,0.074468,0.801027
4625007008,07,831,0.755532,0.234126,0.825862
4625007009,07,1253,0.762596,0.0,0.72405
4625007010,07,2079,0.637957,0.415523,0.682986
4625007012,07,1117,0.709562,0.116483,0.676745
4625007013,07,1024,0.703467,0.037234,0.625496
4625007014,07,1043,0.759208,0.037234,0.735762
4625007015,07,1159,0.71498,0.037234,0.648271
4625007016,07,2002,0.759267,0.087234,0.760606
4625007017,07,2096,0.739926,0.074468,0.716032
4625007018,07,1291,0.767606,0.153594,0.80992
4625007019,07,1648,0.701945,0.110058,0.6585
4625007020,07,1771,0.731518,0.080073,0.702172
4625007021,07,1421,0.703406,0.292653,0.751692
4625007022,07,1483,0.694713,0.198438,0.687902
4625007023,07,795,0.727826,0.0,0.655268
4625007024,07,1458,0.697738,0.177602,0.683581
4625007025,07,1072,0.680037,0.321528,0.719743
4625007026,07,1228,0.658699,0.059953,0.548172
4625007027,07,4019,0.67928,0.116096,0.61665
4625007030,07,1761,0.660444,0.137234,0.589843
4625007031,07,1064,0.775364,0.079248,0.788499
4625007032,07,1247,0.737216,0.344532,0.844231
4625007036,07,1822,0.639834,0.309463,0.634248
4625007037,07,2127,0.674456,0.35213,0.723837
4625007039,07,1389,0.692599,0.208252,0.688573
4625007040,07,1240,0.678957,0.136455,0.62608
4625007041,07,1105,0.773666,0.124469,0.807504
4625007042,07,2311,0.638218,0.229684,0.591596
4625008001,08,1954,0.706772,0.079248,0.652811
4625008002,08,821,0.781727,0.079248,0.801086
4625008003,08,826,0.705001,0.179292,0.698785
4625008004,08,1824,0.696988,0.137234,0.662134
4625008006,08,1086,0.729923,0.188263,0.752521
4625008007,08,1102,0.727044,0.136455,0.721205
4625008008,08,909,0.7317,0.165704,0.74488
4625008009,08,864,0.682028,0.087234,0.607813
4625008010,08,2312,0.665558,0.116483,0.589697
4625008012,08,1373,0.663952,0.30867,0.681565
4625008013,08,2076,0.704192,0.196249,0.70557
4625008014,08,1799,0.724219,0.064808,0.680184
4625008015,08,1035,0.723318,0.097187,0.694414
4625008016,08,784,0.648588,0.05,0.523248
4625008017,08,818,0.727265,0.037234,0.672573
4625008018,08,2239,0.648331,0.403322,0.697474
4625008019,08,2124,0.591462,0.278883,0.523436
4625008020,08,1845,0.653453,0.137234,0.576013
4625008021,08,1435,0.68494,0.206747,0.672678
4625008022,08,1405,0.746574,0.254842,0.818387
4625008023,08,939,0.743456,0.118751,0.744915
4625008024,08,1605,0.699034,0.270355,0.732016
4625008025,08,788,0.658537,0.204863,0.619516
4625008026,08,1518,0.778962,0.215501,0.863
4625008027,08,2223,0.597591,0.037234,0.416053
4625008028,08,742,0.683191,0.090015,0.611489
4625008029,08,2349,0.58164,0.138263,0.434463
4625008030,08,2121,0.631119,0.230707,0.578059
4625008031,08,1785,0.693033,0.175498,0.673233
4625008032,08,1928,0.670654,0.355547,0.718006
4625008033,08,1669,0.782809,0.153717,0.840055
4625008034,08,1605,0.658768,0.159015,0.597299
4625008035,08,2278,0.588083,0.279884,0.517246
4625008036,08,1152,0.789062,0.124398,0.837925
4625008037,08,1410,0.724944,0.244324,0.770397
4625008038,08,1346,0.614403,0.261415,0.560178
4625008039,08,1033,0.744283,0.0,0.687823
4625008040,08,1101,0.714485,0.05,0.653605
4625008041,08,1285,0.727754,0.059015,0.684312
4625008042,08,2419,0.578768,0.240402,0.479294
4625009001,09,1307,0.707725,0.329234,0.778326
4625009002,09,1031,0.789238,0.175112,0.863354
4625009003,09,1157,0.743523,0.074468,0.723148
4625009004,09,1053,0.772754,0.0,0.744144
4625009005,09,2287,0.720271,0.079248,0.679515
4625009007,09,1765,0.774488,0.109015,0.801487
4625009008,09,976,0.77617,0.138263,0.819279
4625009009,09,1889,0.714016,0.037234,0.646364
4625009010,09,1780,0.737318,0.186455,0.766256
4625009012,09,1257,0.729524,0.292444,0.803255
4625009013,09,1932,0.795598,0.141764,0.859443
4625009015,09,1320,0.707016,0.136455,0.681586
4625009016,09,1498,0.792378,0.116483,0.840571
4625009017,09,955,0.638833,0.186455,0.571434
4625009018,09,1871,0.68598,0.153331,0.648318
4625009019,09,1380,0.763478,0.109015,0.779708
4625009020,09,1624,0.73802,0.227763,0.788073
4625009021,09,1836,0.718935,0.195867,0.734546
4625009022,09,1216,0.835931,0.133484,0.935134
4625009023,09,1227,0.853225,0.19547,1.0
4625009024,09,1062,0.737079,0.19547,0.770242
4625009025,09,1434,0.695393,0.1,0.640564
4625009026,09,1772,0.722593,0.24425,0.76571
4625009028,09,1800,0.741526,0.212346,0.787385
4625009029,09,1141,0.677671,0.175112,0.642653
4625009030,09,2029,0.714092,0.109015,0.682013
4625009031,09,1972,0.604926,0.38112,0.600631
4625009032,09,1124,0.706713,0.1,0.662958
4625009033,09,951,0.706036,0.037234,0.630578
4625009034,09,890,0.700759,0.05,0.626452
4625009035,09,1026,0.720146,0.129248,0.703995
4625009036,09,750,0.75697,0.0,0.712921
4625009037,09,968,0.73099,0.0,0.661527
4625009038,09,2264,0.607208,0.200372,0.515757
4625009039,09,1685,0.641289,0.28689,0.625963
4625009040,09,942,0.766374,0.153331,0.807353
4625009041,09,1656,0.735565,0.159015,0.749218
4625009042,09,1353,0.661405,0.138263,0.592253
4625010001,10,2074,0.687262,0.53969,0.841927
4625010002,10,1654,0.705953,0.372,0.795971
4625010003,10,1955,0.722483,0.175498,0.731491
4625010004,10,1296,0.713874,0.212655,0.732837
4625010005,10,1457,0.723315,0.451232,0.8695
4625010006,10,1391,0.742949,0.207315,0.787711
4625010007,10,2123,0.748653,0.074468,0.733296
4625010008,10,1804,0.763703,0.183778,0.817127
4625010009,10,1146,0.770296,0.138263,0.807659
4625010010,10,1134,0.680007,0.391114,0.754098
4625010011,10,935,0.759805,0.366615,0.899837
4625010012,10,835,0.778592,0.196249,0.852747
4625010013,10,1752,0.678123,0.146249,0.629274
4625010014,10,1144,0.702315,0.34489,0.775367
4625010015,10,991,0.754931,0.251872,0.83345
4625010016,10,1402,0.752906,0.272685,0.839737
4625010017,10,1214,0.733604,0.220626,0.775808
4625010018,10,1625,0.68719,0.25786,0.702407
4625010019,10,1394,0.727424,0.195428,0.751121
4625010021,10,1846,0.72794,0.074468,0.692322
4625010022,10,2284,0.723709,0.202938,0.747486
4625010023,10,1149,0.750516,0.037234,0.718567
4625010024,10,2248,0.739887,0.05,0.703855
4625010025,10,1466,0.666509,0.137234,0.601841
4625010026,10,1808,0.793504,0.186455,0.877402
4625010027,10,929,0.727686,0.087234,0.698133
4625010028,10,1299,0.714868,0.29023,0.773167
4625010029,10,1953,0.676323,0.215704,0.660062
4625010030,10,1299,0.663136,0.287569,0.669516
4625010031,10,2008,0.713701,0.137234,0.695195
4625010032,10,1708,0.699856,0.298621,0.74762
4625010033,10,1211,0.723563,0.166879,0.729365
4625010034,10,1548,0.708438,0.184755,0.708285
4625010035,10,1140,0.621729,0.234434,0.561327
4625010036,10,1019,0.659091,0.341425,0.688148
4625010037,10,1136,0.660375,0.210502,0.625941
4625010039,10,2770,0.540966,0.325445,0.446572
4625010040,10,1963,0.606311,0.663718,0.743129
4625010041,10,873,0.691872,0.236617,0.701163
4625010043,10,2723,0.720973,0.20964,0.745389
4625010044,10,1268,0.686854,0.294805,0.720013
4625010045,10,797,0.732483,0.345842,0.835516
4625010046,10,910,0.760104,0.175498,0.805912
4625010047,10,1305,0.733311,0.218826,0.774338
4625010048,10,2224,0.65829,0.190565,0.611956
4625010049,10,1514,0.712401,0.116483,0.682361
4625010050,10,1211,0.713137,0.329556,0.789192
4625010051,10,1358,0.565457,0.364694,0.51443
4625010052,10,2137,0.575949,0.21803,0.462653
4625010053,10,2327,0.544844,0.407629,0.494887
4625010054,10,3263,0.5674,0.323796,0.498048
4625010055,10,3058,0.529615,0.153717,0.33919
4625011001,11,1674,0.712535,0.226823,0.737194
4625011002,11,1502,0.69091,0.352416,0.756528
4625011004,11,1299,0.718068,0.465589,0.866221
4625011005,11,1676,0.711494,0.11803,0.681332
4625011006,11,1272,0.720088,0.40907,0.842265
4625011008,11,2119,0.725028,0.213053,0.755098
4625011009,11,2428,0.66147,0.279621,0.662289
4625011011,11,1540,0.698954,0.234512,0.714131
4625011012,11,1755,0.716811,0.44481,0.853458
4625011015,11,867,0.747339,0.283642,0.834143
4625011017,11,1640,0.74266,0.244872,0.805713
4625011019,11,941,0.761748,0.477847,0.95869
4625011021,11,1168,0.725072,0.227799,0.762478
4625011022,11,1094,0.710052,0.218968,0.728398
4625011024,11,845,0.707834,0.219197,0.724124
4625011026,11,1516,0.751741,0.239786,0.821162
4625011028,11,1471,0.726091,0.206202,0.753813
4625011030,11,1214,0.735844,0.109015,0.725042
4625011031,11,963,0.687575,0.360447,0.753902
4625011032,11,1181,0.685685,0.137234,0.639774
4625011033,11,1803,0.694542,0.276532,0.726184
4625011034,11,1586,0.722252,0.175112,0.730843
4625011035,11,1056,0.737566,0.188263,0.767641
4625011036,11,953,0.748702,0.086455,0.739321
4625011037,11,978,0.735736,0.116096,0.728331
4625011038,11,1433,0.703197,0.318523,0.764072
4625011039,11,1311,0.750755,0.086455,0.743382
4625011040,11,1112,0.66648,0.225704,0.645536
4625011041,11,2474,0.690489,0.328468,0.743852
4625011042,11,1299,0.697837,0.168744,0.679396
4625011044,11,1055,0.696257,0.233095,0.708095
4625011045,11,1120,0.703711,0.153331,0.683394
4625011046,11,1625,0.720928,0.287752,0.78393
4625011047,11,1567,0.700828,0.153331,0.677691
4625011048,11,1276,0.701442,0.087234,0.646217
4625011050,11,1246,0.789133,0.327351,0.938435
4625011051,11,1103,0.6428,0.303684,0.637257
4625011052,11,1868,0.648945,0.216278,0.606187
4625011053,11,1777,0.63358,0.230252,0.582703
4625011054,11,1192,0.661509,0.153717,0.600101
4625011055,11,1428,0.698778,0.270982,0.731819
4625012001,12,1909,0.726088,0.153717,0.72785
4625012002,12,1287,0.70231,0.175498,0.691585
4625012003,12,1595,0.738658,0.11803,0.735067
4625012006,12,2074,0.755387,0.258826,0.837791
4625012008,12,1318,0.737755,0.059015,0.704095
4625012009,12,1030,0.774,0.0,0.746609
4625012010,12,1444,0.64416,0.356616,0.666125
4625012011,12,1096,0.653061,0.0,0.507369
4625012012,12,1668,0.686028,0.146408,0.64499
4625012013,12,2165,0.727732,0.112476,0.710707
4625012014,12,1777,0.673714,0.037234,0.566639
4625012015,12,1263,0.730816,0.111703,0.716425
4625012016,12,1884,0.645677,0.153717,0.568783
4625012018,12,1443,0.71899,0.175498,0.724581
4625012019,12,1232,0.715259,0.136455,0.697892
4625012020,12,1199,0.750304,0.037234,0.718148
4625012021,12,2047,0.70531,0.118968,0.669563
4625012023,12,1202,0.728143,0.22369,0.766521
4625012024,12,1882,0.706307,0.221012,0.722001
4625012025,12,2403,0.621794,0.212225,0.550472
4625012026,12,1411,0.728901,0.086455,0.700151
4625012027,12,1270,0.709802,0.124469,0.681169
4625012028,12,1620,0.765149,0.274265,0.864737
4625012029,12,1426,0.707497,0.266366,0.746784
4625012030,12,1563,0.738644,0.260059,0.80528
4625012031,12,1409,0.715316,0.096249,0.678121
4625012032,12,985,0.677528,0.137234,0.623638
4625012033,12,1409,0.731086,0.244898,0.782831
4625012034,12,1091,0.684761,0.21803,0.677904
4625012035,12,958,0.68943,0.037234,0.597728
4625012036,12,1471,0.785154,0.021679,0.779395
4625012037,12,2591,0.490293,0.424424,0.395281
4625012038,12,1922,0.639425,0.17369,0.566292
4625012039,12,1467,0.746332,0.111703,0.747119
4625012040,12,1774,0.603918,0.406248,0.611064
4625012041,12,2432,0.444239,0.45936,0.321455
4625012042,12,1492,0.525556,0.175112,0.341742
4625012043,12,1205,0.759468,0.303424,0.867919
4625012044,12,1563,0.589154,0.190951,0.475383
4625012045,12,2101,0.498938,0.380654,0.390736
4625012046,12,1925,0.433461,0.454507,0.297734
4625012047,12,1039,0.678829,0.446046,0.778934
4625012048,12,1713,0.503494,0.377972,0.398423
4625013001,13,1907,0.690698,0.256202,0.708526
4625013002,13,2034,0.761188,0.21803,0.829091
4625013003,13,775,0.685103,0.037234,0.589168
4625013004,13,1254,0.648676,0.36612,0.679758
4625013005,13,1457,0.645641,0.074468,0.529519
4625013007,13,915,0.747316,0.159015,0.772464
4625013008,13,1343,0.721279,0.378414,0.829461
4625013009,13,935,0.733149,0.243712,0.786325
4625013010,13,1354,0.730353,0.087234,0.703409
4625013011,13,706,0.693878,0.330275,0.751449
4625013012,13,1948,0.651278,0.365684,0.68469
4625013013,13,871,0.650774,0.404832,0.703053
4625013014,13,1531,0.60145,0.432224,0.619028
4625013015,13,1035,0.642825,0.283484,0.627317
4625013016,13,1955,0.696454,0.159015,0.671849
4625013017,13,1376,0.718565,0.191834,0.731819
4625013019,13,964,0.774917,0.20453,0.849573
4625013020,13,753,0.709999,0.16603,0.702113
4625013021,13,1088,0.708978,0.380992,0.806402
4625013022,13,1190,0.658104,0.397727,0.71404
4625013023,13,1598,0.615764,0.218694,0.541743
4625013024,13,1711,0.670499,0.376543,0.728083
4625013025,13,1940,0.603245,0.430404,0.621679
4625013026,13,1033,0.647243,0.086455,0.538616
4625013027,13,1551,0.594126,0.321539,0.549801
4625013028,13,1360,0.621777,0.225633,0.55707
4625013029,13,864,0.742525,0.154877,0.76094
4625013030,13,1055,0.700232,0.109015,0.654595
4625014001,14,1920,0.62168,0.37723,0.63185
4625014002,14,2254,0.719336,0.268676,0.771346
4625014004,14,1158,0.698903,0.096249,0.645653
4625014005,14,967,0.649276,0.191764,0.594718
4625014006,14,1109,0.76167,0.15453,0.79864
4625014007,14,1021,0.723026,0.187824,0.738661
4625014008,14,997,0.706375,0.17369,0.698732
4625014009,14,1234,0.714357,0.272685,0.76348
4625014010,14,1564,0.729044,0.258246,0.785392
4625014012,14,1023,0.711665,0.24768,0.745788
4625014013,14,1480,0.7267,0.138263,0.721418
4625014014,14,1193,0.728797,0.142507,0.727666
4625014015,14,1215,0.672074,0.196249,0.642035
4625014016,14,1534,0.742028,0.224718,0.794496
4625014018,14,1406,0.7371,0.096249,0.721214
4625014019,14,1695,0.623714,0.037234,0.467729
4625014020,14,2206,0.57096,0.087782,0.38837
4625014021,14,1346,0.579062,0.165704,0.442934
4625014022,14,932,0.727092,0.074468,0.690644
4625014023,14,978,0.673807,0.174469,0.634692
4625014024,14,1243,0.593881,0.293753,0.535575
4625015001,15,1278,0.753,0.079248,0.744259
4625015002,15,1106,0.715574,0.186397,0.723214
4625015003,15,1247,0.705792,0.242782,0.731748
4625015004,15,1060,0.712667,0.138885,0.693966
4625015005,15,1809,0.733018,0.087234,0.70868
4625015006,15,1659,0.73575,0.142556,0.741444
4625015007,15,1190,0.749101,0.0,0.697354
4625015008,15,1524,0.682835,0.225462,0.677769
4625015010,15,1349,0.718313,0.137234,0.704318
4625015011,15,1304,0.779104,0.037234,0.77512
4625015012,15,1568,0.709918,0.205085,0.721267
4625015013,15,1305,0.717538,0.38801,0.826806
4625015014,15,1558,0.756126,0.087234,0.754392
4625015015,15,1642,0.740047,0.037234,0.697858
4625015016,15,1683,0.690518,0.19936,0.680059
4625015017,15,1587,0.685712,0.198674,0.670213
4625015018,15,2038,0.758448,0.230938,0.830054
4625015019,15,1071,0.771412,0.190936,0.835916
4625015020,15,1569,0.758678,0.225496,0.827818
4625015021,15,2331,0.725593,0.285026,0.79181
4625015022,15,1548,0.741459,0.087234,0.725378
4625015023,15,1591,0.775541,0.074468,0.786485
4625015024,15,1716,0.747305,0.202552,0.793973
4625015025,15,1515,0.766279,0.165704,0.813284
4625015026,15,1516,0.713905,0.079248,0.666922
4625015027,15,1055,0.709499,0.153331,0.694843
4625015028,15,1218,0.61248,0.05,0.45182
4625015029,15,1054,0.658578,0.293701,0.663532
4625015030,15,1909,0.762808,0.168698,0.807898
4625015031,15,974,0.68586,0.269574,0.705569
4625015032,15,971,0.749106,0.05,0.722091
4625015033,15,1322,0.536087,0.293766,0.421254
4625015034,15,1863,0.506024,0.231613,0.331046
4625015035,15,1539,0.55566,0.111292,0.369731
4625015036,15,1216,0.75081,0.0,0.700735
4625015037,15,1848,0.49956,0.361014,0.382254
4625015038,15,2290,0.473074,0.168642,0.234723
4625015039,15,1329,0.695838,0.103109,0.642982
4625015040,15,1539,0.461513,0.246824,0.250518
4625016001,16,1682,0.759698,0.146249,0.790644
4625016002,16,1979,0.763412,0.037234,0.744078
4625016003,16,1973,0.770663,0.124469,0.801564
4625016004,16,873,0.766252,0.05,0.756009
4625016005,16,1770,0.711618,0.086455,0.665962
4625016006,16,2029,0.774985,0.1,0.798012
4625016008,16,1739,0.723768,0.0,0.647241
4625016009,16,1346,0.715418,0.0,0.630723
4625016010,16,1154,0.715159,0.166482,0.712544
4625016011,16,1486,0.727024,0.0,0.653682
4625016012,16,1052,0.741569,0.165704,0.764403
4625016013,16,1461,0.775275,0.138263,0.817509
4625016014,16,1338,0.760211,0.116483,0.776938
4625016015,16,1465,0.791846,0.179394,0.870631
4625016016,16,1332,0.804486,0.087234,0.850057
4625016017,16,1904,0.59332,0.384432,0.57931
4625016018,16,901,0.787167,0.079248,0.811848
4625016019,16,1907,0.554128,0.233484,0.42713
4625016020,16,1629,0.721304,0.05,0.667094
4625016021,16,1376,0.659665,0.392784,0.714683
4625016022,16,1092,0.682953,0.1,0.615956
4625016023,16,2527,0.666554,0.14276,0.604662
4625016024,16,1437,0.75886,0.247506,0.839063
4625016025,16,1255,0.735406,0.097187,0.718327
4625016026,16,1443,0.813392,0.10487,0.876397
4625016027,16,1344,0.71184,0.284453,0.76432
4625016028,16,1343,0.610644,0.382048,0.612401
4625016029,16,2016,0.511657,0.05,0.252373
4625016030,16,2007,0.586772,0.226756,0.488379
4625016031,16,1567,0.650839,0.379526,0.690667
4625016032,16,2791,0.522685,0.211814,0.354213
4625016033,16,1925,0.521445,0.282882,0.386907
4625017001,17,1471,0.476333,0.165953,0.23984
4625017002,17,738,0.648029,0.197187,0.594933
4625017003,17,1228,0.613871,0.113681,0.486065
4625017006,17,1342,0.529639,0.025834,0.275994
4625017007,17,759,0.656492,0.160981,0.593769
4625017008,17,1360,0.573728,0.064952,0.382556
4625018001,18,1585,0.755846,0.223283,0.821121
4625018002,18,1107,0.753878,0.074468,0.743632
4625018003,18,989,0.764615,0.124469,0.7896
4625018004,18,2434,0.672216,0.429046,0.757445
4625018005,18,1302,0.699896,0.35723,0.776685
4625018006,18,1562,0.736868,0.382437,0.862288
4625018007,18,1867,0.7095,0.246498,0.740921
4625018008,18,2050,0.700836,0.294076,0.747311
4625018009,18,1644,0.720307,0.0,0.640394
4625018010,18,1036,0.712859,0.181523,0.715432
4625019001,19,1376,0.722807,0.176436,0.732596
4625019002,19,759,0.677976,0.05,0.581383
4625019003,19,1741,0.67977,0.124469,0.62176
4625019004,19,1246,0.70887,0.206202,0.719746
4625019005,19,2264,0.587865,0.060687,0.408412
4625019006,19,1852,0.616174,0.316734,0.59104
4625019007,19,809,0.407988,0.257695,0.150011
4625019008,19,2066,0.389443,0.285001,0.12683
4625019009,19,759,0.58157,0.320188,0.524295
4625019011,19,1066,0.648293,0.256202,0.624641
4625019012,19,2734,0.550458,0.207128,0.406836
4625019013,19,1705,0.707193,0.137234,0.682321
4625019014,19,1618,0.739465,0.226098,0.790108
4625019015,19,1091,0.700379,0.147664,0.674
4625019016,19,1591,0.3654,0.124716,0.0
